Workbook

Sheet Técnicos
A1: CADASTRO DE TÉCNICOS
A2: Preencha aqui os técnicos. As células amarelas são de preenchimento manual. O 'Código Depósito' é gerado automaticamente e usado para integrar com a aba Controle de Entrega.
A4: Código do Técnico | B4: Código Depósito | C4: Nome do Técnico | D4: Equipe | E4: Situação
A5: MAX06-1001 | B5: =IF(A5="","","DEV"&MID(A5,4,LEN(A5)-3)) -> DEV06-1001 | C5: Carlos Eduardo Lima | D5: MAXIMA | E5: Ativo
A6: MAX06-1002 | B6: =IF(A6="","","DEV"&MID(A6,4,LEN(A6)-3)) -> DEV06-1002 | C6: Rafael Souza Martins | D6: MAXIMA | E6: Ativo
A7: REA06-2001 | B7: =IF(A7="","","DEV"&MID(A7,4,LEN(A7)-3)) -> DEV06-2001 | C7: Bruno Henrique Costa | D7: REAL | E7: Ativo
A8: REA06-2002 | B8: =IF(A8="","","DEV"&MID(A8,4,LEN(A8)-3)) -> DEV06-2002 | C8: Diego Ferreira Alves | D8: REAL | E8: Ativo
A9: GRE06-3001 | B9: =IF(A9="","","DEV"&MID(A9,4,LEN(A9)-3)) -> DEV06-3001 | C9: Marcos Vinícius Rocha | D9: GREGATTI | E9: Ativo
A10: GRE06-3002 | B10: =IF(A10="","","DEV"&MID(A10,4,LEN(A10)-3)) -> DEV06-3002 | C10: Felipe Augusto Nunes | D10: GREGATTI | E10: Ativo
A11: MAX06-1003 | B11: =IF(A11="","","DEV"&MID(A11,4,LEN(A11)-3)) -> DEV06-1003 | C11: Thiago Ramos Silva | D11: MAXIMA | E11: Inativo
A12: REA06-2003 | B12: =IF(A12="","","DEV"&MID(A12,4,LEN(A12)-3)) -> DEV06-2003 | C12: Lucas Pereira Gomes | D12: REAL | E12: Ativo
B36: =IF(A36="","","DEV"&MID(A36,4,LEN(A36)-3))
B37: =IF(A37="","","DEV"&MID(A37,4,LEN(A37)-3))
B38: =IF(A38="","","DEV"&MID(A38,4,LEN(A38)-3))
B39: =IF(A39="","","DEV"&MID(A39,4,LEN(A39)-3))
B40: =IF(A40="","","DEV"&MID(A40,4,LEN(A40)-3))
B41: =IF(A41="","","DEV"&MID(A41,4,LEN(A41)-3))
B42: =IF(A42="","","DEV"&MID(A42,4,LEN(A42)-3))
B43: =IF(A43="","","DEV"&MID(A43,4,LEN(A43)-3))
B44: =IF(A44="","","DEV"&MID(A44,4,LEN(A44)-3))
B45: =IF(A45="","","DEV"&MID(A45,4,LEN(A45)-3))
B46: =IF(A46="","","DEV"&MID(A46,4,LEN(A46)-3))
B47: =IF(A47="","","DEV"&MID(A47,4,LEN(A47)-3))
... B305: =IF(A305="","","DEV"&MID(A305,4,LEN(A305)-3))

Sheet Consulta
A1: CONSULTA DE ENTREGAS POR TÉCNICO E PERÍODO | K1: CONSULTA POR EQUIPAMENTO | R1: CONSULTA POR Nº DE SÉRIE
A2: Selecione o técnico e o período na área amarela. O resumo e a lista abaixo são atualizados automaticamente. Se não escolher datas, o período padrão (01/01/2000 a 31/12/2099) traz todo o histórico do técnico. | K2: Selecione o equipamento e, opcionalmente, um período. O padrão (01/01/2000 a 31/12/2099) traz todo o histórico. | R2: Digite o número de série. O resumo mostra a situação ATUAL (última movimentação); a lista abaixo mostra o HISTÓRICO COMPLETO — todas as entregas desse equipamento ao longo do tempo.
B3: Técnico: | C3: Carlos Eduardo Lima | K3: Equipamento: | L3: I00468 | R3: Nº de série: | S3: FHTT46913810 | AA3: =IF($S$3="","",IFERROR(_xlfn.MAXIFS('Controle de Entrega'!$G$6:$G$1575,'Controle de Entrega'!$D$6:$D$1575,$S$3),"")) -> 46120 | AB3: =IF($S$3="","",IFERROR(SUMPRODUCT(MAX(('Controle de Entrega'!$D$6:$D$1575=$S$3)*('Controle de Entrega'!$G$6:$G$1575=$AA$3)*ROW('Controle de Entrega'!$D$6:$D$1575))),"")) -> 6
B4: Data início: | C4: 46113 | K4: Data início: | L4: 46113
B5: Data fim: | C5: 46142 | K5: Data fim: | L5: 46142 | R5: SITUAÇÃO ATUAL (última movimentação)
R6: Total de movimentações | T6: =IF($S$3="","-",COUNTIF('Controle de Entrega'!$D$6:$D$1575,$S$3)) -> 1
A7: RESUMO | K7: RESUMO | R7: Técnico atual | T7: =IF($S$3="","-",IFERROR(INDEX('Controle de Entrega'!$F:$F,$AB$3),"-")) -> Rafael Souza Martins
B8: Registros encontrados | D8: =IF($C$3="","-",COUNTIFS('Controle de Entrega'!$N$6:$N$1575,$C$3,'Controle de Entrega'!$G$6:$G$1575,">="&$C$4,'Controle de Entrega'!$G$6:$G$1575,"<="&$C$5)) -> 8 | L8: Registros encontrados | N8: =IF($L$3="","-",COUNTIFS('Controle de Entrega'!$C$6:$C$1575,$L$3,'Controle de Entrega'!$G$6:$G$1575,">="&$L$4,'Controle de Entrega'!$G$6:$G$1575,"<="&$L$5)) -> 0 | R8: Nº do item | T8: =IF($S$3="","-",IFERROR(INDEX('Controle de Entrega'!$B:$B,$AB$3),"-")) -> I00468
B9: Quantidade total de equipamentos | D9: =IF($C$3="","-",SUMIFS('Controle de Entrega'!$E$6:$E$1575,'Controle de Entrega'!$N$6:$N$1575,$C$3,'Controle de Entrega'!$G$6:$G$1575,">="&$C$4,'Controle de Entrega'!$G$6:$G$1575,"<="&$C$5)) -> 8 | L9: Quantidade total entregue | N9: =IF($L$3="","-",SUMIFS('Controle de Entrega'!$E$6:$E$1575,'Controle de Entrega'!$C$6:$C$1575,$L$3,'Controle de Entrega'!$G$6:$G$1575,">="&$L$4,'Controle de Entrega'!$G$6:$G$1575,"<="&$L$5)) -> 0 | R9: Descrição do item | T9: =IF($S$3="","-",IFERROR(INDEX('Controle de Entrega'!$C:$C,$AB$3),"-")) -> ROTEADOR TP-LINK WIRELESS AC1200 ARCHER C5W GIGABIT DUAL BAND
B10: Última entrega | D10: =IF(OR($C$3="",$D$8=0),"-",_xlfn.MAXIFS('Controle de Entrega'!$G$6:$G$1575,'Controle de Entrega'!$N$6:$N$1575,$C$3,'Controle de Entrega'!$G$6:$G$1575,">="&$C$4,'Controle de Entrega'!$G$6:$G$1575,"<="&$C$5)) -> 46137 | L10: Última entrega | N10: =IF(OR($L$3="",$N$8=0),"-",_xlfn.MAXIFS('Controle de Entrega'!$G$6:$G$1575,'Controle de Entrega'!$C$6:$C$1575,$L$3,'Controle de Entrega'!$G$6:$G$1575,">="&$L$4,'Controle de Entrega'!$G$6:$G$1575,"<="&$L$5)) -> - | R10: Quantidade | T10: =IF($S$3="","-",IFERROR(INDEX('Controle de Entrega'!$E:$E,$AB$3),"-")) -> 1
A11: DETALHAMENTO | R11: Data da última entrega | T11: =IF($S$3="","-",IFERROR(INDEX('Controle de Entrega'!$G:$G,$AB$3),"-")) -> 46120
A12: Nº | B12: Posição no depósito | C12: Nº do item | D12: Descrição do item | E12: Nº de série | F12: Quantidade | G12: Técnico | H12: Entrega | I12: Nº Documento | J12: Observação | R12: Nº Documento | T12: =IF($S$3="","",IFERROR(IF(INDEX('Controle de Entrega'!$H:$H,$AB$3)=0,"",INDEX('Controle de Entrega'!$H:$H,$AB$3)),"")) -> 2400000
A13: 1 | R13: Observação | T13: =IF($S$3="","",IFERROR(IF(INDEX('Controle de Entrega'!$I:$I,$AB$3)=0,"",INDEX('Controle de Entrega'!$I:$I,$AB$3)),"")) -> CLIENTE
A14: 2
A15: 3
A16: 4
A17: 5
A18: 6
A19: 7
A20: 8
A21: 9
A22: 10
A23: 11
A24: 12
A25: 13
A26: 14 | B26: =IFERROR(INDEX('Controle de Entrega'!$A$6:$A$1575,MATCH($A26,'Controle de Entrega'!$J$6:$J$1575,0)),"") | C26: =IFERROR(INDEX('Controle de Entrega'!$B$6:$B$1575,MATCH($A26,'Controle de Entrega'!$J$6:$J$1575,0)),"") | D26: =IFERROR(INDEX('Controle de Entrega'!$C$6:$C$1575,MATCH($A26,'Controle de Entrega'!$J$6:$J$1575,0)),"") | E26: =IFERROR(INDEX('Controle de Entrega'!$D$6:$D$1575,MATCH($A26,'Controle de Entrega'!$J$6:$J$1575,0)),"") | F26: =IFERROR(INDEX('Controle de Entrega'!$E$6:$E$1575,MATCH($A26,'Controle de Entrega'!$J$6:$J$1575,0)),"") | G26: =IFERROR(INDEX('Controle de Entrega'!$F$6:$F$1575,MATCH($A26,'Controle de Entrega'!$J$6:$J$1575,0)),"") | H26: =IFERROR(INDEX('Controle de Entrega'!$G$6:$G$1575,MATCH($A26,'Controle de Entrega'!$J$6:$J$1575,0)),"") | I26: =IFERROR(IF(INDEX('Controle de Entrega'!$H$6:$H$1575,MATCH($A26,'Controle de Entrega'!$J$6:$J$1575,0))=0,"",INDEX('Controle de Entrega'!$H$6:$H$1575,MATCH($A26,'Controle de Entrega'!$J$6:$J$1575,0))),"") | J26: =IFERROR(IF(INDEX('Controle de Entrega'!$I$6:$I$1575,MATCH($A26,'Controle de Entrega'!$J$6:$J$1575,0))=0,"",INDEX('Controle de Entrega'!$I$6:$I$1575,MATCH($A26,'Controle de Entrega'!$J$6:$J$1575,0))),"")
A27: 15 | B27: =IFERROR(INDEX('Controle de Entrega'!$A$6:$A$1575,MATCH($A27,'Controle de Entrega'!$J$6:$J$1575,0)),"") | C27: =IFERROR(INDEX('Controle de Entrega'!$B$6:$B$1575,MATCH($A27,'Controle de Entrega'!$J$6:$J$1575,0)),"") | D27: =IFERROR(INDEX('Controle de Entrega'!$C$6:$C$1575,MATCH($A27,'Controle de Entrega'!$J$6:$J$1575,0)),"") | E27: =IFERROR(INDEX('Controle de Entrega'!$D$6:$D$1575,MATCH($A27,'Controle de Entrega'!$J$6:$J$1575,0)),"") | F27: =IFERROR(INDEX('Controle de Entrega'!$E$6:$E$1575,MATCH($A27,'Controle de Entrega'!$J$6:$J$1575,0)),"") | G27: =IFERROR(INDEX('Controle de Entrega'!$F$6:$F$1575,MATCH($A27,'Controle de Entrega'!$J$6:$J$1575,0)),"") | H27: =IFERROR(INDEX('Controle de Entrega'!$G$6:$G$1575,MATCH($A27,'Controle de Entrega'!$J$6:$J$1575,0)),"") | I27: =IFERROR(IF(INDEX('Controle de Entrega'!$H$6:$H$1575,MATCH($A27,'Controle de Entrega'!$J$6:$J$1575,0))=0,"",INDEX('Controle de Entrega'!$H$6:$H$1575,MATCH($A27,'Controle de Entrega'!$J$6:$J$1575,0))),"") | J27: =IFERROR(IF(INDEX('Controle de Entrega'!$I$6:$I$1575,MATCH($A27,'Controle de Entrega'!$J$6:$J$1575,0))=0,"",INDEX('Controle de Entrega'!$I$6:$I$1575,MATCH($A27,'Controle de Entrega'!$J$6:$J$1575,0))),"")
A28: 16 | B28: =IFERROR(INDEX('Controle de Entrega'!$A$6:$A$1575,MATCH($A28,'Controle de Entrega'!$J$6:$J$1575,0)),"") | C28: =IFERROR(INDEX('Controle de Entrega'!$B$6:$B$1575,MATCH($A28,'Controle de Entrega'!$J$6:$J$1575,0)),"") | D28: =IFERROR(INDEX('Controle de Entrega'!$C$6:$C$1575,MATCH($A28,'Controle de Entrega'!$J$6:$J$1575,0)),"") | E28: =IFERROR(INDEX('Controle de Entrega'!$D$6:$D$1575,MATCH($A28,'Controle de Entrega'!$J$6:$J$1575,0)),"") | F28: =IFERROR(INDEX('Controle de Entrega'!$E$6:$E$1575,MATCH($A28,'Controle de Entrega'!$J$6:$J$1575,0)),"") | G28: =IFERROR(INDEX('Controle de Entrega'!$F$6:$F$1575,MATCH($A28,'Controle de Entrega'!$J$6:$J$1575,0)),"") | H28: =IFERROR(INDEX('Controle de Entrega'!$G$6:$G$1575,MATCH($A28,'Controle de Entrega'!$J$6:$J$1575,0)),"") | I28: =IFERROR(IF(INDEX('Controle de Entrega'!$H$6:$H$1575,MATCH($A28,'Controle de Entrega'!$J$6:$J$1575,0))=0,"",INDEX('Controle de Entrega'!$H$6:$H$1575,MATCH($A28,'Controle de Entrega'!$J$6:$J$1575,0))),"") | J28: =IFERROR(IF(INDEX('Controle de Entrega'!$I$6:$I$1575,MATCH($A28,'Controle de Entrega'!$J$6:$J$1575,0))=0,"",INDEX('Controle de Entrega'!$I$6:$I$1575,MATCH($A28,'Controle de Entrega'!$J$6:$J$1575,0))),"")
A29: 17 | B29: =IFERROR(INDEX('Controle de Entrega'!$A$6:$A$1575,MATCH($A29,'Controle de Entrega'!$J$6:$J$1575,0)),"") | C29: =IFERROR(INDEX('Controle de Entrega'!$B$6:$B$1575,MATCH($A29,'Controle de Entrega'!$J$6:$J$1575,0)),"") | D29: =IFERROR(INDEX('Controle de Entrega'!$C$6:$C$1575,MATCH($A29,'Controle de Entrega'!$J$6:$J$1575,0)),"") | E29: =IFERROR(INDEX('Controle de Entrega'!$D$6:$D$1575,MATCH($A29,'Controle de Entrega'!$J$6:$J$1575,0)),"") | F29: =IFERROR(INDEX('Controle de Entrega'!$E$6:$E$1575,MATCH($A29,'Controle de Entrega'!$J$6:$J$1575,0)),"") | G29: =IFERROR(INDEX('Controle de Entrega'!$F$6:$F$1575,MATCH($A29,'Controle de Entrega'!$J$6:$J$1575,0)),"") | H29: =IFERROR(INDEX('Controle de Entrega'!$G$6:$G$1575,MATCH($A29,'Controle de Entrega'!$J$6:$J$1575,0)),"") | I29: =IFERROR(IF(INDEX('Controle de Entrega'!$H$6:$H$1575,MATCH($A29,'Controle de Entrega'!$J$6:$J$1575,0))=0,"",INDEX('Controle de Entrega'!$H$6:$H$1575,MATCH($A29,'Controle de Entrega'!$J$6:$J$1575,0))),"") | J29: =IFERROR(IF(INDEX('Controle de Entrega'!$I$6:$I$1575,MATCH($A29,'Controle de Entrega'!$J$6:$J$1575,0))=0,"",INDEX('Controle de Entrega'!$I$6:$I$1575,MATCH($A29,'Controle de Entrega'!$J$6:$J$1575,0))),"")
A30: 18 | B30: =IFERROR(INDEX('Controle de Entrega'!$A$6:$A$1575,MATCH($A30,'Controle de Entrega'!$J$6:$J$1575,0)),"") | C30: =IFERROR(INDEX('Controle de Entrega'!$B$6:$B$1575,MATCH($A30,'Controle de Entrega'!$J$6:$J$1575,0)),"") | D30: =IFERROR(INDEX('Controle de Entrega'!$C$6:$C$1575,MATCH($A30,'Controle de Entrega'!$J$6:$J$1575,0)),"") | E30: =IFERROR(INDEX('Controle de Entrega'!$D$6:$D$1575,MATCH($A30,'Controle de Entrega'!$J$6:$J$1575,0)),"") | F30: =IFERROR(INDEX('Controle de Entrega'!$E$6:$E$1575,MATCH($A30,'Controle de Entrega'!$J$6:$J$1575,0)),"") | G30: =IFERROR(INDEX('Controle de Entrega'!$F$6:$F$1575,MATCH($A30,'Controle de Entrega'!$J$6:$J$1575,0)),"") | H30: =IFERROR(INDEX('Controle de Entrega'!$G$6:$G$1575,MATCH($A30,'Controle de Entrega'!$J$6:$J$1575,0)),"") | I30: =IFERROR(IF(INDEX('Controle de Entrega'!$H$6:$H$1575,MATCH($A30,'Controle de Entrega'!$J$6:$J$1575,0))=0,"",INDEX('Controle de Entrega'!$H$6:$H$1575,MATCH($A30,'Controle de Entrega'!$J$6:$J$1575,0))),"") | J30: =IFERROR(IF(INDEX('Controle de Entrega'!$I$6:$I$1575,MATCH($A30,'Controle de Entrega'!$J$6:$J$1575,0))=0,"",INDEX('Controle de Entrega'!$I$6:$I$1575,MATCH($A30,'Controle de Entrega'!$J$6:$J$1575,0))),"")
A31: 19 | B31: =IFERROR(INDEX('Controle de Entrega'!$A$6:$A$1575,MATCH($A31,'Controle de Entrega'!$J$6:$J$1575,0)),"") | C31: =IFERROR(INDEX('Controle de Entrega'!$B$6:$B$1575,MATCH($A31,'Controle de Entrega'!$J$6:$J$1575,0)),"") | D31: =IFERROR(INDEX('Controle de Entrega'!$C$6:$C$1575,MATCH($A31,'Controle de Entrega'!$J$6:$J$1575,0)),"") | E31: =IFERROR(INDEX('Controle de Entrega'!$D$6:$D$1575,MATCH($A31,'Controle de Entrega'!$J$6:$J$1575,0)),"") | F31: =IFERROR(INDEX('Controle de Entrega'!$E$6:$E$1575,MATCH($A31,'Controle de Entrega'!$J$6:$J$1575,0)),"") | G31: =IFERROR(INDEX('Controle de Entrega'!$F$6:$F$1575,MATCH($A31,'Controle de Entrega'!$J$6:$J$1575,0)),"") | H31: =IFERROR(INDEX('Controle de Entrega'!$G$6:$G$1575,MATCH($A31,'Controle de Entrega'!$J$6:$J$1575,0)),"") | I31: =IFERROR(IF(INDEX('Controle de Entrega'!$H$6:$H$1575,MATCH($A31,'Controle de Entrega'!$J$6:$J$1575,0))=0,"",INDEX('Controle de Entrega'!$H$6:$H$1575,MATCH($A31,'Controle de Entrega'!$J$6:$J$1575,0))),"") | J31: =IFERROR(IF(INDEX('Controle de Entrega'!$I$6:$I$1575,MATCH($A31,'Controle de Entrega'!$J$6:$J$1575,0))=0,"",INDEX('Controle de Entrega'!$I$6:$I$1575,MATCH($A31,'Controle de Entrega'!$J$6:$J$1575,0))),"")
A32: 20 | B32: =IFERROR(INDEX('Controle de Entrega'!$A$6:$A$1575,MATCH($A32,'Controle de Entrega'!$J$6:$J$1575,0)),"") | C32: =IFERROR(INDEX('Controle de Entrega'!$B$6:$B$1575,MATCH($A32,'Controle de Entrega'!$J$6:$J$1575,0)),"") | D32: =IFERROR(INDEX('Controle de Entrega'!$C$6:$C$1575,MATCH($A32,'Controle de Entrega'!$J$6:$J$1575,0)),"") | E32: =IFERROR(INDEX('Controle de Entrega'!$D$6:$D$1575,MATCH($A32,'Controle de Entrega'!$J$6:$J$1575,0)),"") | F32: =IFERROR(INDEX('Controle de Entrega'!$E$6:$E$1575,MATCH($A32,'Controle de Entrega'!$J$6:$J$1575,0)),"") | G32: =IFERROR(INDEX('Controle de Entrega'!$F$6:$F$1575,MATCH($A32,'Controle de Entrega'!$J$6:$J$1575,0)),"") | H32: =IFERROR(INDEX('Controle de Entrega'!$G$6:$G$1575,MATCH($A32,'Controle de Entrega'!$J$6:$J$1575,0)),"") | I32: =IFERROR(IF(INDEX('Controle de Entrega'!$H$6:$H$1575,MATCH($A32,'Controle de Entrega'!$J$6:$J$1575,0))=0,"",INDEX('Controle de Entrega'!$H$6:$H$1575,MATCH($A32,'Controle de Entrega'!$J$6:$J$1575,0))),"") | J32: =IFERROR(IF(INDEX('Controle de Entrega'!$I$6:$I$1575,MATCH($A32,'Controle de Entrega'!$J$6:$J$1575,0))=0,"",INDEX('Controle de Entrega'!$I$6:$I$1575,MATCH($A32,'Controle de Entrega'!$J$6:$J$1575,0))),"")
A33: 21 | B33: =IFERROR(INDEX('Controle de Entrega'!$A$6:$A$1575,MATCH($A33,'Controle de Entrega'!$J$6:$J$1575,0)),"") | C33: =IFERROR(INDEX('Controle de Entrega'!$B$6:$B$1575,MATCH($A33,'Controle de Entrega'!$J$6:$J$1575,0)),"") | D33: =IFERROR(INDEX('Controle de Entrega'!$C$6:$C$1575,MATCH($A33,'Controle de Entrega'!$J$6:$J$1575,0)),"") | E33: =IFERROR(INDEX('Controle de Entrega'!$D$6:$D$1575,MATCH($A33,'Controle de Entrega'!$J$6:$J$1575,0)),"") | F33: =IFERROR(INDEX('Controle de Entrega'!$E$6:$E$1575,MATCH($A33,'Controle de Entrega'!$J$6:$J$1575,0)),"") | G33: =IFERROR(INDEX('Controle de Entrega'!$F$6:$F$1575,MATCH($A33,'Controle de Entrega'!$J$6:$J$1575,0)),"") | H33: =IFERROR(INDEX('Controle de Entrega'!$G$6:$G$1575,MATCH($A33,'Controle de Entrega'!$J$6:$J$1575,0)),"") | I33: =IFERROR(IF(INDEX('Controle de Entrega'!$H$6:$H$1575,MATCH($A33,'Controle de Entrega'!$J$6:$J$1575,0))=0,"",INDEX('Controle de Entrega'!$H$6:$H$1575,MATCH($A33,'Controle de Entrega'!$J$6:$J$1575,0))),"") | J33: =IFERROR(IF(INDEX('Controle de Entrega'!$I$6:$I$1575,MATCH($A33,'Controle de Entrega'!$J$6:$J$1575,0))=0,"",INDEX('Controle de Entrega'!$I$6:$I$1575,MATCH($A33,'Controle de Entrega'!$J$6:$J$1575,0))),"")
A34: 22 | B34: =IFERROR(INDEX('Controle de Entrega'!$A$6:$A$1575,MATCH($A34,'Controle de Entrega'!$J$6:$J$1575,0)),"") | C34: =IFERROR(INDEX('Controle de Entrega'!$B$6:$B$1575,MATCH($A34,'Controle de Entrega'!$J$6:$J$1575,0)),"") | D34: =IFERROR(INDEX('Controle de Entrega'!$C$6:$C$1575,MATCH($A34,'Controle de Entrega'!$J$6:$J$1575,0)),"") | E34: =IFERROR(INDEX('Controle de Entrega'!$D$6:$D$1575,MATCH($A34,'Controle de Entrega'!$J$6:$J$1575,0)),"") | F34: =IFERROR(INDEX('Controle de Entrega'!$E$6:$E$1575,MATCH($A34,'Controle de Entrega'!$J$6:$J$1575,0)),"") | G34: =IFERROR(INDEX('Controle de Entrega'!$F$6:$F$1575,MATCH($A34,'Controle de Entrega'!$J$6:$J$1575,0)),"") | H34: =IFERROR(INDEX('Controle de Entrega'!$G$6:$G$1575,MATCH($A34,'Controle de Entrega'!$J$6:$J$1575,0)),"") | I34: =IFERROR(IF(INDEX('Controle de Entrega'!$H$6:$H$1575,MATCH($A34,'Controle de Entrega'!$J$6:$J$1575,0))=0,"",INDEX('Controle de Entrega'!$H$6:$H$1575,MATCH($A34,'Controle de Entrega'!$J$6:$J$1575,0))),"") | J34: =IFERROR(IF(INDEX('Controle de Entrega'!$I$6:$I$1575,MATCH($A34,'Controle de Entrega'!$J$6:$J$1575,0))=0,"",INDEX('Controle de Entrega'!$I$6:$I$1575,MATCH($A34,'Controle de Entrega'!$J$6:$J$1575,0))),"")
A35: 23 | B35: =IFERROR(INDEX('Controle de Entrega'!$A$6:$A$1575,MATCH($A35,'Controle de Entrega'!$J$6:$J$1575,0)),"") | C35: =IFERROR(INDEX('Controle de Entrega'!$B$6:$B$1575,MATCH($A35,'Controle de Entrega'!$J$6:$J$1575,0)),"") | D35: =IFERROR(INDEX('Controle de Entrega'!$C$6:$C$1575,MATCH($A35,'Controle de Entrega'!$J$6:$J$1575,0)),"") | E35: =IFERROR(INDEX('Controle de Entrega'!$D$6:$D$1575,MATCH($A35,'Controle de Entrega'!$J$6:$J$1575,0)),"") | F35: =IFERROR(INDEX('Controle de Entrega'!$E$6:$E$1575,MATCH($A35,'Controle de Entrega'!$J$6:$J$1575,0)),"") | G35: =IFERROR(INDEX('Controle de Entrega'!$F$6:$F$1575,MATCH($A35,'Controle de Entrega'!$J$6:$J$1575,0)),"") | H35: =IFERROR(INDEX('Controle de Entrega'!$G$6:$G$1575,MATCH($A35,'Controle de Entrega'!$J$6:$J$1575,0)),"") | I35: =IFERROR(IF(INDEX('Controle de Entrega'!$H$6:$H$1575,MATCH($A35,'Controle de Entrega'!$J$6:$J$1575,0))=0,"",INDEX('Controle de Entrega'!$H$6:$H$1575,MATCH($A35,'Controle de Entrega'!$J$6:$J$1575,0))),"") | J35: =IFERROR(IF(INDEX('Controle de Entrega'!$I$6:$I$1575,MATCH($A35,'Controle de Entrega'!$J$6:$J$1575,0))=0,"",INDEX('Controle de Entrega'!$I$6:$I$1575,MATCH($A35,'Controle de Entrega'!$J$6:$J$1575,0))),"")
A36: 24 | B36: =IFERROR(INDEX('Controle de Entrega'!$A$6:$A$1575,MATCH($A36,'Controle de Entrega'!$J$6:$J$1575,0)),"") | C36: =IFERROR(INDEX('Controle de Entrega'!$B$6:$B$1575,MATCH($A36,'Controle de Entrega'!$J$6:$J$1575,0)),"") | D36: =IFERROR(INDEX('Controle de Entrega'!$C$6:$C$1575,MATCH($A36,'Controle de Entrega'!$J$6:$J$1575,0)),"") | E36: =IFERROR(INDEX('Controle de Entrega'!$D$6:$D$1575,MATCH($A36,'Controle de Entrega'!$J$6:$J$1575,0)),"") | F36: =IFERROR(INDEX('Controle de Entrega'!$E$6:$E$1575,MATCH($A36,'Controle de Entrega'!$J$6:$J$1575,0)),"") | G36: =IFERROR(INDEX('Controle de Entrega'!$F$6:$F$1575,MATCH($A36,'Controle de Entrega'!$J$6:$J$1575,0)),"") | H36: =IFERROR(INDEX('Controle de Entrega'!$G$6:$G$1575,MATCH($A36,'Controle de Entrega'!$J$6:$J$1575,0)),"") | I36: =IFERROR(IF(INDEX('Controle de Entrega'!$H$6:$H$1575,MATCH($A36,'Controle de Entrega'!$J$6:$J$1575,0))=0,"",INDEX('Controle de Entrega'!$H$6:$H$1575,MATCH($A36,'Controle de Entrega'!$J$6:$J$1575,0))),"") | J36: =IFERROR(IF(INDEX('Controle de Entrega'!$I$6:$I$1575,MATCH($A36,'Controle de Entrega'!$J$6:$J$1575,0))=0,"",INDEX('Controle de Entrega'!$I$6:$I$1575,MATCH($A36,'Controle de Entrega'!$J$6:$J$1575,0))),"")
A37: 25 | B37: =IFERROR(INDEX('Controle de Entrega'!$A$6:$A$1575,MATCH($A37,'Controle de Entrega'!$J$6:$J$1575,0)),"") | C37: =IFERROR(INDEX('Controle de Entrega'!$B$6:$B$1575,MATCH($A37,'Controle de Entrega'!$J$6:$J$1575,0)),"") | D37: =IFERROR(INDEX('Controle de Entrega'!$C$6:$C$1575,MATCH($A37,'Controle de Entrega'!$J$6:$J$1575,0)),"") | E37: =IFERROR(INDEX('Controle de Entrega'!$D$6:$D$1575,MATCH($A37,'Controle de Entrega'!$J$6:$J$1575,0)),"") | F37: =IFERROR(INDEX('Controle de Entrega'!$E$6:$E$1575,MATCH($A37,'Controle de Entrega'!$J$6:$J$1575,0)),"") | G37: =IFERROR(INDEX('Controle de Entrega'!$F$6:$F$1575,MATCH($A37,'Controle de Entrega'!$J$6:$J$1575,0)),"") | H37: =IFERROR(INDEX('Controle de Entrega'!$G$6:$G$1575,MATCH($A37,'Controle de Entrega'!$J$6:$J$1575,0)),"") | I37: =IFERROR(IF(INDEX('Controle de Entrega'!$H$6:$H$1575,MATCH($A37,'Controle de Entrega'!$J$6:$J$1575,0))=0,"",INDEX('Controle de Entrega'!$H$6:$H$1575,MATCH($A37,'Controle de Entrega'!$J$6:$J$1575,0))),"") | J37: =IFERROR(IF(INDEX('Controle de Entrega'!$I$6:$I$1575,MATCH($A37,'Controle de Entrega'!$J$6:$J$1575,0))=0,"",INDEX('Controle de Entrega'!$I$6:$I$1575,MATCH($A37,'Controle de Entrega'!$J$6:$J$1575,0))),"")
... A92: 80 | B92: =IFERROR(INDEX('Controle de Entrega'!$A$6:$A$1575,MATCH($A92,'Controle de Entrega'!$J$6:$J$1575,0)),"") | C92: =IFERROR(INDEX('Controle de Entrega'!$B$6:$B$1575,MATCH($A92,'Controle de Entrega'!$J$6:$J$1575,0)),"") | D92: =IFERROR(INDEX('Controle de Entrega'!$C$6:$C$1575,MATCH($A92,'Controle de Entrega'!$J$6:$J$1575,0)),"") | E92: =IFERROR(INDEX('Controle de Entrega'!$D$6:$D$1575,MATCH($A92,'Controle de Entrega'!$J$6:$J$1575,0)),"") | F92: =IFERROR(INDEX('Controle de Entrega'!$E$6:$E$1575,MATCH($A92,'Controle de Entrega'!$J$6:$J$1575,0)),"") | G92: =IFERROR(INDEX('Controle de Entrega'!$F$6:$F$1575,MATCH($A92,'Controle de Entrega'!$J$6:$J$1575,0)),"") | H92: =IFERROR(INDEX('Controle de Entrega'!$G$6:$G$1575,MATCH($A92,'Controle de Entrega'!$J$6:$J$1575,0)),"") | I92: =IFERROR(IF(INDEX('Controle de Entrega'!$H$6:$H$1575,MATCH($A92,'Controle de Entrega'!$J$6:$J$1575,0))=0,"",INDEX('Controle de Entrega'!$H$6:$H$1575,MATCH($A92,'Controle de Entrega'!$J$6:$J$1575,0))),"") | J92: =IFERROR(IF(INDEX('Controle de Entrega'!$I$6:$I$1575,MATCH($A92,'Controle de Entrega'!$J$6:$J$1575,0))=0,"",INDEX('Controle de Entrega'!$I$6:$I$1575,MATCH($A92,'Controle de Entrega'!$J$6:$J$1575,0))),"")
A95: DETALHAMENTO POR EQUIPAMENTO | R95: HISTÓRICO COMPLETO DE MOVIMENTAÇÕES DESTA SÉRIE (da mais antiga à mais recente)
A96: Nº | B96: Posição no depósito | C96: Nº do item | D96: Descrição do item | E96: Nº de série | F96: Quantidade | G96: Técnico | H96: Entrega | I96: Nº Documento | J96: Observação | R96: Nº | S96: Posição no depósito | T96: Nº do item | U96: Descrição do item | V96: Nº de série | W96: Quantidade | X96: Técnico | Y96: Entrega | Z96: Nº Documento | AA96: Observação | AB96: Situação
A97: 1 | B97: =IFERROR(INDEX('Controle de Entrega'!$A$6:$A$1575,MATCH($A97,'Controle de Entrega'!$K$6:$K$1575,0)),"") | C97: =IFERROR(INDEX('Controle de Entrega'!$B$6:$B$1575,MATCH($A97,'Controle de Entrega'!$K$6:$K$1575,0)),"") | D97: =IFERROR(INDEX('Controle de Entrega'!$C$6:$C$1575,MATCH($A97,'Controle de Entrega'!$K$6:$K$1575,0)),"") | E97: =IFERROR(INDEX('Controle de Entrega'!$D$6:$D$1575,MATCH($A97,'Controle de Entrega'!$K$6:$K$1575,0)),"") | F97: =IFERROR(INDEX('Controle de Entrega'!$E$6:$E$1575,MATCH($A97,'Controle de Entrega'!$K$6:$K$1575,0)),"") | G97: =IFERROR(INDEX('Controle de Entrega'!$F$6:$F$1575,MATCH($A97,'Controle de Entrega'!$K$6:$K$1575,0)),"") | H97: =IFERROR(INDEX('Controle de Entrega'!$G$6:$G$1575,MATCH($A97,'Controle de Entrega'!$K$6:$K$1575,0)),"") | I97: =IFERROR(IF(INDEX('Controle de Entrega'!$H$6:$H$1575,MATCH($A97,'Controle de Entrega'!$K$6:$K$1575,0))=0,"",INDEX('Controle de Entrega'!$H$6:$H$1575,MATCH($A97,'Controle de Entrega'!$K$6:$K$1575,0))),"") | J97: =IFERROR(IF(INDEX('Controle de Entrega'!$I$6:$I$1575,MATCH($A97,'Controle de Entrega'!$K$6:$K$1575,0))=0,"",INDEX('Controle de Entrega'!$I$6:$I$1575,MATCH($A97,'Controle de Entrega'!$K$6:$K$1575,0))),"") | R97: 1 | S97: =IFERROR(INDEX('Controle de Entrega'!$A$6:$A$1575,MATCH(R97,'Controle de Entrega'!$L$6:$L$1575,0)),"") -> DEV06-1002 | T97: =IFERROR(INDEX('Controle de Entrega'!$B$6:$B$1575,MATCH(R97,'Controle de Entrega'!$L$6:$L$1575,0)),"") -> I00468 | U97: =IFERROR(INDEX('Controle de Entrega'!$C$6:$C$1575,MATCH(R97,'Controle de Entrega'!$L$6:$L$1575,0)),"") -> ROTEADOR TP-LINK WIRELESS AC1200 ARCHER C5W GIGABIT DUAL BAND | V97: =IFERROR(INDEX('Controle de Entrega'!$D$6:$D$1575,MATCH(R97,'Controle de Entrega'!$L$6:$L$1575,0)),"") -> FHTT46913810 | W97: =IFERROR(INDEX('Controle de Entrega'!$E$6:$E$1575,MATCH(R97,'Controle de Entrega'!$L$6:$L$1575,0)),"") -> 1 | X97: =IFERROR(INDEX('Controle de Entrega'!$F$6:$F$1575,MATCH(R97,'Controle de Entrega'!$L$6:$L$1575,0)),"") -> Rafael Souza Martins | Y97: =IFERROR(INDEX('Controle de Entrega'!$G$6:$G$1575,MATCH(R97,'Controle de Entrega'!$L$6:$L$1575,0)),"") -> 46120 | Z97: =IFERROR(IF(INDEX('Controle de Entrega'!$H$6:$H$1575,MATCH(R97,'Controle de Entrega'!$L$6:$L$1575,0))=0,"",INDEX('Controle de Entrega'!$H$6:$H$1575,MATCH(R97,'Controle de Entrega'!$L$6:$L$1575,0))),"") -> 2400000 | AA97: =IFERROR(IF(INDEX('Controle de Entrega'!$I$6:$I$1575,MATCH(R97,'Controle de Entrega'!$L$6:$L$1575,0))=0,"",INDEX('Controle de Entrega'!$I$6:$I$1575,MATCH(R97,'Controle de Entrega'!$L$6:$L$1575,0))),"") -> CLIENTE | AB97: =IFERROR(IF(MATCH(R97,'Controle de Entrega'!$L$6:$L$1575,0)+5=$AB$3,"● ATUAL",""),"") -> ● ATUAL
A98: 2 | B98: =IFERROR(INDEX('Controle de Entrega'!$A$6:$A$1575,MATCH($A98,'Controle de Entrega'!$K$6:$K$1575,0)),"") | C98: =IFERROR(INDEX('Controle de Entrega'!$B$6:$B$1575,MATCH($A98,'Controle de Entrega'!$K$6:$K$1575,0)),"") | D98: =IFERROR(INDEX('Controle de Entrega'!$C$6:$C$1575,MATCH($A98,'Controle de Entrega'!$K$6:$K$1575,0)),"") | E98: =IFERROR(INDEX('Controle de Entrega'!$D$6:$D$1575,MATCH($A98,'Controle de Entrega'!$K$6:$K$1575,0)),"") | F98: =IFERROR(INDEX('Controle de Entrega'!$E$6:$E$1575,MATCH($A98,'Controle de Entrega'!$K$6:$K$1575,0)),"") | G98: =IFERROR(INDEX('Controle de Entrega'!$F$6:$F$1575,MATCH($A98,'Controle de Entrega'!$K$6:$K$1575,0)),"") | H98: =IFERROR(INDEX('Controle de Entrega'!$G$6:$G$1575,MATCH($A98,'Controle de Entrega'!$K$6:$K$1575,0)),"") | I98: =IFERROR(IF(INDEX('Controle de Entrega'!$H$6:$H$1575,MATCH($A98,'Controle de Entrega'!$K$6:$K$1575,0))=0,"",INDEX('Controle de Entrega'!$H$6:$H$1575,MATCH($A98,'Controle de Entrega'!$K$6:$K$1575,0))),"") | J98: =IFERROR(IF(INDEX('Controle de Entrega'!$I$6:$I$1575,MATCH($A98,'Controle de Entrega'!$K$6:$K$1575,0))=0,"",INDEX('Controle de Entrega'!$I$6:$I$1575,MATCH($A98,'Controle de Entrega'!$K$6:$K$1575,0))),"") | R98: 2 | S98: =IFERROR(INDEX('Controle de Entrega'!$A$6:$A$1575,MATCH(R98,'Controle de Entrega'!$L$6:$L$1575,0)),"") | T98: =IFERROR(INDEX('Controle de Entrega'!$B$6:$B$1575,MATCH(R98,'Controle de Entrega'!$L$6:$L$1575,0)),"") | U98: =IFERROR(INDEX('Controle de Entrega'!$C$6:$C$1575,MATCH(R98,'Controle de Entrega'!$L$6:$L$1575,0)),"") | V98: =IFERROR(INDEX('Controle de Entrega'!$D$6:$D$1575,MATCH(R98,'Controle de Entrega'!$L$6:$L$1575,0)),"") | W98: =IFERROR(INDEX('Controle de Entrega'!$E$6:$E$1575,MATCH(R98,'Controle de Entrega'!$L$6:$L$1575,0)),"") | X98: =IFERROR(INDEX('Controle de Entrega'!$F$6:$F$1575,MATCH(R98,'Controle de Entrega'!$L$6:$L$1575,0)),"") | Y98: =IFERROR(INDEX('Controle de Entrega'!$G$6:$G$1575,MATCH(R98,'Controle de Entrega'!$L$6:$L$1575,0)),"") | Z98: =IFERROR(IF(INDEX('Controle de Entrega'!$H$6:$H$1575,MATCH(R98,'Controle de Entrega'!$L$6:$L$1575,0))=0,"",INDEX('Controle de Entrega'!$H$6:$H$1575,MATCH(R98,'Controle de Entrega'!$L$6:$L$1575,0))),"") | AA98: =IFERROR(IF(INDEX('Controle de Entrega'!$I$6:$I$1575,MATCH(R98,'Controle de Entrega'!$L$6:$L$1575,0))=0,"",INDEX('Controle de Entrega'!$I$6:$I$1575,MATCH(R98,'Controle de Entrega'!$L$6:$L$1575,0))),"") | AB98: =IFERROR(IF(MATCH(R98,'Controle de Entrega'!$L$6:$L$1575,0)+5=$AB$3,"● ATUAL",""),"")
A99: 3 | B99: =IFERROR(INDEX('Controle de Entrega'!$A$6:$A$1575,MATCH($A99,'Controle de Entrega'!$K$6:$K$1575,0)),"") | C99: =IFERROR(INDEX('Controle de Entrega'!$B$6:$B$1575,MATCH($A99,'Controle de Entrega'!$K$6:$K$1575,0)),"") | D99: =IFERROR(INDEX('Controle de Entrega'!$C$6:$C$1575,MATCH($A99,'Controle de Entrega'!$K$6:$K$1575,0)),"") | E99: =IFERROR(INDEX('Controle de Entrega'!$D$6:$D$1575,MATCH($A99,'Controle de Entrega'!$K$6:$K$1575,0)),"") | F99: =IFERROR(INDEX('Controle de Entrega'!$E$6:$E$1575,MATCH($A99,'Controle de Entrega'!$K$6:$K$1575,0)),"") | G99: =IFERROR(INDEX('Controle de Entrega'!$F$6:$F$1575,MATCH($A99,'Controle de Entrega'!$K$6:$K$1575,0)),"") | H99: =IFERROR(INDEX('Controle de Entrega'!$G$6:$G$1575,MATCH($A99,'Controle de Entrega'!$K$6:$K$1575,0)),"") | I99: =IFERROR(IF(INDEX('Controle de Entrega'!$H$6:$H$1575,MATCH($A99,'Controle de Entrega'!$K$6:$K$1575,0))=0,"",INDEX('Controle de Entrega'!$H$6:$H$1575,MATCH($A99,'Controle de Entrega'!$K$6:$K$1575,0))),"") | J99: =IFERROR(IF(INDEX('Controle de Entrega'!$I$6:$I$1575,MATCH($A99,'Controle de Entrega'!$K$6:$K$1575,0))=0,"",INDEX('Controle de Entrega'!$I$6:$I$1575,MATCH($A99,'Controle de Entrega'!$K$6:$K$1575,0))),"") | R99: 3 | S99: =IFERROR(INDEX('Controle de Entrega'!$A$6:$A$1575,MATCH(R99,'Controle de Entrega'!$L$6:$L$1575,0)),"") | T99: =IFERROR(INDEX('Controle de Entrega'!$B$6:$B$1575,MATCH(R99,'Controle de Entrega'!$L$6:$L$1575,0)),"") | U99: =IFERROR(INDEX('Controle de Entrega'!$C$6:$C$1575,MATCH(R99,'Controle de Entrega'!$L$6:$L$1575,0)),"") | V99: =IFERROR(INDEX('Controle de Entrega'!$D$6:$D$1575,MATCH(R99,'Controle de Entrega'!$L$6:$L$1575,0)),"") | W99: =IFERROR(INDEX('Controle de Entrega'!$E$6:$E$1575,MATCH(R99,'Controle de Entrega'!$L$6:$L$1575,0)),"") | X99: =IFERROR(INDEX('Controle de Entrega'!$F$6:$F$1575,MATCH(R99,'Controle de Entrega'!$L$6:$L$1575,0)),"") | Y99: =IFERROR(INDEX('Controle de Entrega'!$G$6:$G$1575,MATCH(R99,'Controle de Entrega'!$L$6:$L$1575,0)),"") | Z99: =IFERROR(IF(INDEX('Controle de Entrega'!$H$6:$H$1575,MATCH(R99,'Controle de Entrega'!$L$6:$L$1575,0))=0,"",INDEX('Controle de Entrega'!$H$6:$H$1575,MATCH(R99,'Controle de Entrega'!$L$6:$L$1575,0))),"") | AA99: =IFERROR(IF(INDEX('Controle de Entrega'!$I$6:$I$1575,MATCH(R99,'Controle de Entrega'!$L$6:$L$1575,0))=0,"",INDEX('Controle de Entrega'!$I$6:$I$1575,MATCH(R99,'Controle de Entrega'!$L$6:$L$1575,0))),"") | AB99: =IFERROR(IF(MATCH(R99,'Controle de Entrega'!$L$6:$L$1575,0)+5=$AB$3,"● ATUAL",""),"")
A100: 4 | B100: =IFERROR(INDEX('Controle de Entrega'!$A$6:$A$1575,MATCH($A100,'Controle de Entrega'!$K$6:$K$1575,0)),"") | C100: =IFERROR(INDEX('Controle de Entrega'!$B$6:$B$1575,MATCH($A100,'Controle de Entrega'!$K$6:$K$1575,0)),"") | D100: =IFERROR(INDEX('Controle de Entrega'!$C$6:$C$1575,MATCH($A100,'Controle de Entrega'!$K$6:$K$1575,0)),"") | E100: =IFERROR(INDEX('Controle de Entrega'!$D$6:$D$1575,MATCH($A100,'Controle de Entrega'!$K$6:$K$1575,0)),"") | F100: =IFERROR(INDEX('Controle de Entrega'!$E$6:$E$1575,MATCH($A100,'Controle de Entrega'!$K$6:$K$1575,0)),"") | G100: =IFERROR(INDEX('Controle de Entrega'!$F$6:$F$1575,MATCH($A100,'Controle de Entrega'!$K$6:$K$1575,0)),"") | H100: =IFERROR(INDEX('Controle de Entrega'!$G$6:$G$1575,MATCH($A100,'Controle de Entrega'!$K$6:$K$1575,0)),"") | I100: =IFERROR(IF(INDEX('Controle de Entrega'!$H$6:$H$1575,MATCH($A100,'Controle de Entrega'!$K$6:$K$1575,0))=0,"",INDEX('Controle de Entrega'!$H$6:$H$1575,MATCH($A100,'Controle de Entrega'!$K$6:$K$1575,0))),"") | J100: =IFERROR(IF(INDEX('Controle de Entrega'!$I$6:$I$1575,MATCH($A100,'Controle de Entrega'!$K$6:$K$1575,0))=0,"",INDEX('Controle de Entrega'!$I$6:$I$1575,MATCH($A100,'Controle de Entrega'!$K$6:$K$1575,0))),"") | R100: 4 | S100: =IFERROR(INDEX('Controle de Entrega'!$A$6:$A$1575,MATCH(R100,'Controle de Entrega'!$L$6:$L$1575,0)),"") | T100: =IFERROR(INDEX('Controle de Entrega'!$B$6:$B$1575,MATCH(R100,'Controle de Entrega'!$L$6:$L$1575,0)),"") | U100: =IFERROR(INDEX('Controle de Entrega'!$C$6:$C$1575,MATCH(R100,'Controle de Entrega'!$L$6:$L$1575,0)),"") | V100: =IFERROR(INDEX('Controle de Entrega'!$D$6:$D$1575,MATCH(R100,'Controle de Entrega'!$L$6:$L$1575,0)),"") | W100: =IFERROR(INDEX('Controle de Entrega'!$E$6:$E$1575,MATCH(R100,'Controle de Entrega'!$L$6:$L$1575,0)),"") | X100: =IFERROR(INDEX('Controle de Entrega'!$F$6:$F$1575,MATCH(R100,'Controle de Entrega'!$L$6:$L$1575,0)),"") | Y100: =IFERROR(INDEX('Controle de Entrega'!$G$6:$G$1575,MATCH(R100,'Controle de Entrega'!$L$6:$L$1575,0)),"") | Z100: =IFERROR(IF(INDEX('Controle de Entrega'!$H$6:$H$1575,MATCH(R100,'Controle de Entrega'!$L$6:$L$1575,0))=0,"",INDEX('Controle de Entrega'!$H$6:$H$1575,MATCH(R100,'Controle de Entrega'!$L$6:$L$1575,0))),"") | AA100: =IFERROR(IF(INDEX('Controle de Entrega'!$I$6:$I$1575,MATCH(R100,'Controle de Entrega'!$L$6:$L$1575,0))=0,"",INDEX('Controle de Entrega'!$I$6:$I$1575,MATCH(R100,'Controle de Entrega'!$L$6:$L$1575,0))),"") | AB100: =IFERROR(IF(MATCH(R100,'Controle de Entrega'!$L$6:$L$1575,0)+5=$AB$3,"● ATUAL",""),"")
A101: 5 | B101: =IFERROR(INDEX('Controle de Entrega'!$A$6:$A$1575,MATCH($A101,'Controle de Entrega'!$K$6:$K$1575,0)),"") | C101: =IFERROR(INDEX('Controle de Entrega'!$B$6:$B$1575,MATCH($A101,'Controle de Entrega'!$K$6:$K$1575,0)),"") | D101: =IFERROR(INDEX('Controle de Entrega'!$C$6:$C$1575,MATCH($A101,'Controle de Entrega'!$K$6:$K$1575,0)),"") | E101: =IFERROR(INDEX('Controle de Entrega'!$D$6:$D$1575,MATCH($A101,'Controle de Entrega'!$K$6:$K$1575,0)),"") | F101: =IFERROR(INDEX('Controle de Entrega'!$E$6:$E$1575,MATCH($A101,'Controle de Entrega'!$K$6:$K$1575,0)),"") | G101: =IFERROR(INDEX('Controle de Entrega'!$F$6:$F$1575,MATCH($A101,'Controle de Entrega'!$K$6:$K$1575,0)),"") | H101: =IFERROR(INDEX('Controle de Entrega'!$G$6:$G$1575,MATCH($A101,'Controle de Entrega'!$K$6:$K$1575,0)),"") | I101: =IFERROR(IF(INDEX('Controle de Entrega'!$H$6:$H$1575,MATCH($A101,'Controle de Entrega'!$K$6:$K$1575,0))=0,"",INDEX('Controle de Entrega'!$H$6:$H$1575,MATCH($A101,'Controle de Entrega'!$K$6:$K$1575,0))),"") | J101: =IFERROR(IF(INDEX('Controle de Entrega'!$I$6:$I$1575,MATCH($A101,'Controle de Entrega'!$K$6:$K$1575,0))=0,"",INDEX('Controle de Entrega'!$I$6:$I$1575,MATCH($A101,'Controle de Entrega'!$K$6:$K$1575,0))),"") | R101: 5 | S101: =IFERROR(INDEX('Controle de Entrega'!$A$6:$A$1575,MATCH(R101,'Controle de Entrega'!$L$6:$L$1575,0)),"") | T101: =IFERROR(INDEX('Controle de Entrega'!$B$6:$B$1575,MATCH(R101,'Controle de Entrega'!$L$6:$L$1575,0)),"") | U101: =IFERROR(INDEX('Controle de Entrega'!$C$6:$C$1575,MATCH(R101,'Controle de Entrega'!$L$6:$L$1575,0)),"") | V101: =IFERROR(INDEX('Controle de Entrega'!$D$6:$D$1575,MATCH(R101,'Controle de Entrega'!$L$6:$L$1575,0)),"") | W101: =IFERROR(INDEX('Controle de Entrega'!$E$6:$E$1575,MATCH(R101,'Controle de Entrega'!$L$6:$L$1575,0)),"") | X101: =IFERROR(INDEX('Controle de Entrega'!$F$6:$F$1575,MATCH(R101,'Controle de Entrega'!$L$6:$L$1575,0)),"") | Y101: =IFERROR(INDEX('Controle de Entrega'!$G$6:$G$1575,MATCH(R101,'Controle de Entrega'!$L$6:$L$1575,0)),"") | Z101: =IFERROR(IF(INDEX('Controle de Entrega'!$H$6:$H$1575,MATCH(R101,'Controle de Entrega'!$L$6:$L$1575,0))=0,"",INDEX('Controle de Entrega'!$H$6:$H$1575,MATCH(R101,'Controle de Entrega'!$L$6:$L$1575,0))),"") | AA101: =IFERROR(IF(INDEX('Controle de Entrega'!$I$6:$I$1575,MATCH(R101,'Controle de Entrega'!$L$6:$L$1575,0))=0,"",INDEX('Controle de Entrega'!$I$6:$I$1575,MATCH(R101,'Controle de Entrega'!$L$6:$L$1575,0))),"") | AB101: =IFERROR(IF(MATCH(R101,'Controle de Entrega'!$L$6:$L$1575,0)+5=$AB$3,"● ATUAL",""),"")
A102: 6 | B102: =IFERROR(INDEX('Controle de Entrega'!$A$6:$A$1575,MATCH($A102,'Controle de Entrega'!$K$6:$K$1575,0)),"") | C102: =IFERROR(INDEX('Controle de Entrega'!$B$6:$B$1575,MATCH($A102,'Controle de Entrega'!$K$6:$K$1575,0)),"") | D102: =IFERROR(INDEX('Controle de Entrega'!$C$6:$C$1575,MATCH($A102,'Controle de Entrega'!$K$6:$K$1575,0)),"") | E102: =IFERROR(INDEX('Controle de Entrega'!$D$6:$D$1575,MATCH($A102,'Controle de Entrega'!$K$6:$K$1575,0)),"") | F102: =IFERROR(INDEX('Controle de Entrega'!$E$6:$E$1575,MATCH($A102,'Controle de Entrega'!$K$6:$K$1575,0)),"") | G102: =IFERROR(INDEX('Controle de Entrega'!$F$6:$F$1575,MATCH($A102,'Controle de Entrega'!$K$6:$K$1575,0)),"") | H102: =IFERROR(INDEX('Controle de Entrega'!$G$6:$G$1575,MATCH($A102,'Controle de Entrega'!$K$6:$K$1575,0)),"") | I102: =IFERROR(IF(INDEX('Controle de Entrega'!$H$6:$H$1575,MATCH($A102,'Controle de Entrega'!$K$6:$K$1575,0))=0,"",INDEX('Controle de Entrega'!$H$6:$H$1575,MATCH($A102,'Controle de Entrega'!$K$6:$K$1575,0))),"") | J102: =IFERROR(IF(INDEX('Controle de Entrega'!$I$6:$I$1575,MATCH($A102,'Controle de Entrega'!$K$6:$K$1575,0))=0,"",INDEX('Controle de Entrega'!$I$6:$I$1575,MATCH($A102,'Controle de Entrega'!$K$6:$K$1575,0))),"") | R102: 6 | S102: =IFERROR(INDEX('Controle de Entrega'!$A$6:$A$1575,MATCH(R102,'Controle de Entrega'!$L$6:$L$1575,0)),"") | T102: =IFERROR(INDEX('Controle de Entrega'!$B$6:$B$1575,MATCH(R102,'Controle de Entrega'!$L$6:$L$1575,0)),"") | U102: =IFERROR(INDEX('Controle de Entrega'!$C$6:$C$1575,MATCH(R102,'Controle de Entrega'!$L$6:$L$1575,0)),"") | V102: =IFERROR(INDEX('Controle de Entrega'!$D$6:$D$1575,MATCH(R102,'Controle de Entrega'!$L$6:$L$1575,0)),"") | W102: =IFERROR(INDEX('Controle de Entrega'!$E$6:$E$1575,MATCH(R102,'Controle de Entrega'!$L$6:$L$1575,0)),"") | X102: =IFERROR(INDEX('Controle de Entrega'!$F$6:$F$1575,MATCH(R102,'Controle de Entrega'!$L$6:$L$1575,0)),"") | Y102: =IFERROR(INDEX('Controle de Entrega'!$G$6:$G$1575,MATCH(R102,'Controle de Entrega'!$L$6:$L$1575,0)),"") | Z102: =IFERROR(IF(INDEX('Controle de Entrega'!$H$6:$H$1575,MATCH(R102,'Controle de Entrega'!$L$6:$L$1575,0))=0,"",INDEX('Controle de Entrega'!$H$6:$H$1575,MATCH(R102,'Controle de Entrega'!$L$6:$L$1575,0))),"") | AA102: =IFERROR(IF(INDEX('Controle de Entrega'!$I$6:$I$1575,MATCH(R102,'Controle de Entrega'!$L$6:$L$1575,0))=0,"",INDEX('Controle de Entrega'!$I$6:$I$1575,MATCH(R102,'Controle de Entrega'!$L$6:$L$1575,0))),"") | AB102: =IFERROR(IF(MATCH(R102,'Controle de Entrega'!$L$6:$L$1575,0)+5=$AB$3,"● ATUAL",""),"")
A103: 7 | B103: =IFERROR(INDEX('Controle de Entrega'!$A$6:$A$1575,MATCH($A103,'Controle de Entrega'!$K$6:$K$1575,0)),"") | C103: =IFERROR(INDEX('Controle de Entrega'!$B$6:$B$1575,MATCH($A103,'Controle de Entrega'!$K$6:$K$1575,0)),"") | D103: =IFERROR(INDEX('Controle de Entrega'!$C$6:$C$1575,MATCH($A103,'Controle de Entrega'!$K$6:$K$1575,0)),"") | E103: =IFERROR(INDEX('Controle de Entrega'!$D$6:$D$1575,MATCH($A103,'Controle de Entrega'!$K$6:$K$1575,0)),"") | F103: =IFERROR(INDEX('Controle de Entrega'!$E$6:$E$1575,MATCH($A103,'Controle de Entrega'!$K$6:$K$1575,0)),"") | G103: =IFERROR(INDEX('Controle de Entrega'!$F$6:$F$1575,MATCH($A103,'Controle de Entrega'!$K$6:$K$1575,0)),"") | H103: =IFERROR(INDEX('Controle de Entrega'!$G$6:$G$1575,MATCH($A103,'Controle de Entrega'!$K$6:$K$1575,0)),"") | I103: =IFERROR(IF(INDEX('Controle de Entrega'!$H$6:$H$1575,MATCH($A103,'Controle de Entrega'!$K$6:$K$1575,0))=0,"",INDEX('Controle de Entrega'!$H$6:$H$1575,MATCH($A103,'Controle de Entrega'!$K$6:$K$1575,0))),"") | J103: =IFERROR(IF(INDEX('Controle de Entrega'!$I$6:$I$1575,MATCH($A103,'Controle de Entrega'!$K$6:$K$1575,0))=0,"",INDEX('Controle de Entrega'!$I$6:$I$1575,MATCH($A103,'Controle de Entrega'!$K$6:$K$1575,0))),"") | R103: 7 | S103: =IFERROR(INDEX('Controle de Entrega'!$A$6:$A$1575,MATCH(R103,'Controle de Entrega'!$L$6:$L$1575,0)),"") | T103: =IFERROR(INDEX('Controle de Entrega'!$B$6:$B$1575,MATCH(R103,'Controle de Entrega'!$L$6:$L$1575,0)),"") | U103: =IFERROR(INDEX('Controle de Entrega'!$C$6:$C$1575,MATCH(R103,'Controle de Entrega'!$L$6:$L$1575,0)),"") | V103: =IFERROR(INDEX('Controle de Entrega'!$D$6:$D$1575,MATCH(R103,'Controle de Entrega'!$L$6:$L$1575,0)),"") | W103: =IFERROR(INDEX('Controle de Entrega'!$E$6:$E$1575,MATCH(R103,'Controle de Entrega'!$L$6:$L$1575,0)),"") | X103: =IFERROR(INDEX('Controle de Entrega'!$F$6:$F$1575,MATCH(R103,'Controle de Entrega'!$L$6:$L$1575,0)),"") | Y103: =IFERROR(INDEX('Controle de Entrega'!$G$6:$G$1575,MATCH(R103,'Controle de Entrega'!$L$6:$L$1575,0)),"") | Z103: =IFERROR(IF(INDEX('Controle de Entrega'!$H$6:$H$1575,MATCH(R103,'Controle de Entrega'!$L$6:$L$1575,0))=0,"",INDEX('Controle de Entrega'!$H$6:$H$1575,MATCH(R103,'Controle de Entrega'!$L$6:$L$1575,0))),"") | AA103: =IFERROR(IF(INDEX('Controle de Entrega'!$I$6:$I$1575,MATCH(R103,'Controle de Entrega'!$L$6:$L$1575,0))=0,"",INDEX('Controle de Entrega'!$I$6:$I$1575,MATCH(R103,'Controle de Entrega'!$L$6:$L$1575,0))),"") | AB103: =IFERROR(IF(MATCH(R103,'Controle de Entrega'!$L$6:$L$1575,0)+5=$AB$3,"● ATUAL",""),"")
A104: 8 | B104: =IFERROR(INDEX('Controle de Entrega'!$A$6:$A$1575,MATCH($A104,'Controle de Entrega'!$K$6:$K$1575,0)),"") | C104: =IFERROR(INDEX('Controle de Entrega'!$B$6:$B$1575,MATCH($A104,'Controle de Entrega'!$K$6:$K$1575,0)),"") | D104: =IFERROR(INDEX('Controle de Entrega'!$C$6:$C$1575,MATCH($A104,'Controle de Entrega'!$K$6:$K$1575,0)),"") | E104: =IFERROR(INDEX('Controle de Entrega'!$D$6:$D$1575,MATCH($A104,'Controle de Entrega'!$K$6:$K$1575,0)),"") | F104: =IFERROR(INDEX('Controle de Entrega'!$E$6:$E$1575,MATCH($A104,'Controle de Entrega'!$K$6:$K$1575,0)),"") | G104: =IFERROR(INDEX('Controle de Entrega'!$F$6:$F$1575,MATCH($A104,'Controle de Entrega'!$K$6:$K$1575,0)),"") | H104: =IFERROR(INDEX('Controle de Entrega'!$G$6:$G$1575,MATCH($A104,'Controle de Entrega'!$K$6:$K$1575,0)),"") | I104: =IFERROR(IF(INDEX('Controle de Entrega'!$H$6:$H$1575,MATCH($A104,'Controle de Entrega'!$K$6:$K$1575,0))=0,"",INDEX('Controle de Entrega'!$H$6:$H$1575,MATCH($A104,'Controle de Entrega'!$K$6:$K$1575,0))),"") | J104: =IFERROR(IF(INDEX('Controle de Entrega'!$I$6:$I$1575,MATCH($A104,'Controle de Entrega'!$K$6:$K$1575,0))=0,"",INDEX('Controle de Entrega'!$I$6:$I$1575,MATCH($A104,'Controle de Entrega'!$K$6:$K$1575,0))),"") | R104: 8 | S104: =IFERROR(INDEX('Controle de Entrega'!$A$6:$A$1575,MATCH(R104,'Controle de Entrega'!$L$6:$L$1575,0)),"") | T104: =IFERROR(INDEX('Controle de Entrega'!$B$6:$B$1575,MATCH(R104,'Controle de Entrega'!$L$6:$L$1575,0)),"") | U104: =IFERROR(INDEX('Controle de Entrega'!$C$6:$C$1575,MATCH(R104,'Controle de Entrega'!$L$6:$L$1575,0)),"") | V104: =IFERROR(INDEX('Controle de Entrega'!$D$6:$D$1575,MATCH(R104,'Controle de Entrega'!$L$6:$L$1575,0)),"") | W104: =IFERROR(INDEX('Controle de Entrega'!$E$6:$E$1575,MATCH(R104,'Controle de Entrega'!$L$6:$L$1575,0)),"") | X104: =IFERROR(INDEX('Controle de Entrega'!$F$6:$F$1575,MATCH(R104,'Controle de Entrega'!$L$6:$L$1575,0)),"") | Y104: =IFERROR(INDEX('Controle de Entrega'!$G$6:$G$1575,MATCH(R104,'Controle de Entrega'!$L$6:$L$1575,0)),"") | Z104: =IFERROR(IF(INDEX('Controle de Entrega'!$H$6:$H$1575,MATCH(R104,'Controle de Entrega'!$L$6:$L$1575,0))=0,"",INDEX('Controle de Entrega'!$H$6:$H$1575,MATCH(R104,'Controle de Entrega'!$L$6:$L$1575,0))),"") | AA104: =IFERROR(IF(INDEX('Controle de Entrega'!$I$6:$I$1575,MATCH(R104,'Controle de Entrega'!$L$6:$L$1575,0))=0,"",INDEX('Controle de Entrega'!$I$6:$I$1575,MATCH(R104,'Controle de Entrega'!$L$6:$L$1575,0))),"") | AB104: =IFERROR(IF(MATCH(R104,'Controle de Entrega'!$L$6:$L$1575,0)+5=$AB$3,"● ATUAL",""),"")
A105: 9 | B105: =IFERROR(INDEX('Controle de Entrega'!$A$6:$A$1575,MATCH($A105,'Controle de Entrega'!$K$6:$K$1575,0)),"") | C105: =IFERROR(INDEX('Controle de Entrega'!$B$6:$B$1575,MATCH($A105,'Controle de Entrega'!$K$6:$K$1575,0)),"") | D105: =IFERROR(INDEX('Controle de Entrega'!$C$6:$C$1575,MATCH($A105,'Controle de Entrega'!$K$6:$K$1575,0)),"") | E105: =IFERROR(INDEX('Controle de Entrega'!$D$6:$D$1575,MATCH($A105,'Controle de Entrega'!$K$6:$K$1575,0)),"") | F105: =IFERROR(INDEX('Controle de Entrega'!$E$6:$E$1575,MATCH($A105,'Controle de Entrega'!$K$6:$K$1575,0)),"") | G105: =IFERROR(INDEX('Controle de Entrega'!$F$6:$F$1575,MATCH($A105,'Controle de Entrega'!$K$6:$K$1575,0)),"") | H105: =IFERROR(INDEX('Controle de Entrega'!$G$6:$G$1575,MATCH($A105,'Controle de Entrega'!$K$6:$K$1575,0)),"") | I105: =IFERROR(IF(INDEX('Controle de Entrega'!$H$6:$H$1575,MATCH($A105,'Controle de Entrega'!$K$6:$K$1575,0))=0,"",INDEX('Controle de Entrega'!$H$6:$H$1575,MATCH($A105,'Controle de Entrega'!$K$6:$K$1575,0))),"") | J105: =IFERROR(IF(INDEX('Controle de Entrega'!$I$6:$I$1575,MATCH($A105,'Controle de Entrega'!$K$6:$K$1575,0))=0,"",INDEX('Controle de Entrega'!$I$6:$I$1575,MATCH($A105,'Controle de Entrega'!$K$6:$K$1575,0))),"") | R105: 9 | S105: =IFERROR(INDEX('Controle de Entrega'!$A$6:$A$1575,MATCH(R105,'Controle de Entrega'!$L$6:$L$1575,0)),"") | T105: =IFERROR(INDEX('Controle de Entrega'!$B$6:$B$1575,MATCH(R105,'Controle de Entrega'!$L$6:$L$1575,0)),"") | U105: =IFERROR(INDEX('Controle de Entrega'!$C$6:$C$1575,MATCH(R105,'Controle de Entrega'!$L$6:$L$1575,0)),"") | V105: =IFERROR(INDEX('Controle de Entrega'!$D$6:$D$1575,MATCH(R105,'Controle de Entrega'!$L$6:$L$1575,0)),"") | W105: =IFERROR(INDEX('Controle de Entrega'!$E$6:$E$1575,MATCH(R105,'Controle de Entrega'!$L$6:$L$1575,0)),"") | X105: =IFERROR(INDEX('Controle de Entrega'!$F$6:$F$1575,MATCH(R105,'Controle de Entrega'!$L$6:$L$1575,0)),"") | Y105: =IFERROR(INDEX('Controle de Entrega'!$G$6:$G$1575,MATCH(R105,'Controle de Entrega'!$L$6:$L$1575,0)),"") | Z105: =IFERROR(IF(INDEX('Controle de Entrega'!$H$6:$H$1575,MATCH(R105,'Controle de Entrega'!$L$6:$L$1575,0))=0,"",INDEX('Controle de Entrega'!$H$6:$H$1575,MATCH(R105,'Controle de Entrega'!$L$6:$L$1575,0))),"") | AA105: =IFERROR(IF(INDEX('Controle de Entrega'!$I$6:$I$1575,MATCH(R105,'Controle de Entrega'!$L$6:$L$1575,0))=0,"",INDEX('Controle de Entrega'!$I$6:$I$1575,MATCH(R105,'Controle de Entrega'!$L$6:$L$1575,0))),"") | AB105: =IFERROR(IF(MATCH(R105,'Controle de Entrega'!$L$6:$L$1575,0)+5=$AB$3,"● ATUAL",""),"")
A106: 10 | B106: =IFERROR(INDEX('Controle de Entrega'!$A$6:$A$1575,MATCH($A106,'Controle de Entrega'!$K$6:$K$1575,0)),"") | C106: =IFERROR(INDEX('Controle de Entrega'!$B$6:$B$1575,MATCH($A106,'Controle de Entrega'!$K$6:$K$1575,0)),"") | D106: =IFERROR(INDEX('Controle de Entrega'!$C$6:$C$1575,MATCH($A106,'Controle de Entrega'!$K$6:$K$1575,0)),"") | E106: =IFERROR(INDEX('Controle de Entrega'!$D$6:$D$1575,MATCH($A106,'Controle de Entrega'!$K$6:$K$1575,0)),"") | F106: =IFERROR(INDEX('Controle de Entrega'!$E$6:$E$1575,MATCH($A106,'Controle de Entrega'!$K$6:$K$1575,0)),"") | G106: =IFERROR(INDEX('Controle de Entrega'!$F$6:$F$1575,MATCH($A106,'Controle de Entrega'!$K$6:$K$1575,0)),"") | H106: =IFERROR(INDEX('Controle de Entrega'!$G$6:$G$1575,MATCH($A106,'Controle de Entrega'!$K$6:$K$1575,0)),"") | I106: =IFERROR(IF(INDEX('Controle de Entrega'!$H$6:$H$1575,MATCH($A106,'Controle de Entrega'!$K$6:$K$1575,0))=0,"",INDEX('Controle de Entrega'!$H$6:$H$1575,MATCH($A106,'Controle de Entrega'!$K$6:$K$1575,0))),"") | J106: =IFERROR(IF(INDEX('Controle de Entrega'!$I$6:$I$1575,MATCH($A106,'Controle de Entrega'!$K$6:$K$1575,0))=0,"",INDEX('Controle de Entrega'!$I$6:$I$1575,MATCH($A106,'Controle de Entrega'!$K$6:$K$1575,0))),"") | R106: 10 | S106: =IFERROR(INDEX('Controle de Entrega'!$A$6:$A$1575,MATCH(R106,'Controle de Entrega'!$L$6:$L$1575,0)),"") | T106: =IFERROR(INDEX('Controle de Entrega'!$B$6:$B$1575,MATCH(R106,'Controle de Entrega'!$L$6:$L$1575,0)),"") | U106: =IFERROR(INDEX('Controle de Entrega'!$C$6:$C$1575,MATCH(R106,'Controle de Entrega'!$L$6:$L$1575,0)),"") | V106: =IFERROR(INDEX('Controle de Entrega'!$D$6:$D$1575,MATCH(R106,'Controle de Entrega'!$L$6:$L$1575,0)),"") | W106: =IFERROR(INDEX('Controle de Entrega'!$E$6:$E$1575,MATCH(R106,'Controle de Entrega'!$L$6:$L$1575,0)),"") | X106: =IFERROR(INDEX('Controle de Entrega'!$F$6:$F$1575,MATCH(R106,'Controle de Entrega'!$L$6:$L$1575,0)),"") | Y106: =IFERROR(INDEX('Controle de Entrega'!$G$6:$G$1575,MATCH(R106,'Controle de Entrega'!$L$6:$L$1575,0)),"") | Z106: =IFERROR(IF(INDEX('Controle de Entrega'!$H$6:$H$1575,MATCH(R106,'Controle de Entrega'!$L$6:$L$1575,0))=0,"",INDEX('Controle de Entrega'!$H$6:$H$1575,MATCH(R106,'Controle de Entrega'!$L$6:$L$1575,0))),"") | AA106: =IFERROR(IF(INDEX('Controle de Entrega'!$I$6:$I$1575,MATCH(R106,'Controle de Entrega'!$L$6:$L$1575,0))=0,"",INDEX('Controle de Entrega'!$I$6:$I$1575,MATCH(R106,'Controle de Entrega'!$L$6:$L$1575,0))),"") | AB106: =IFERROR(IF(MATCH(R106,'Controle de Entrega'!$L$6:$L$1575,0)+5=$AB$3,"● ATUAL",""),"")
A107: 11 | B107: =IFERROR(INDEX('Controle de Entrega'!$A$6:$A$1575,MATCH($A107,'Controle de Entrega'!$K$6:$K$1575,0)),"") | C107: =IFERROR(INDEX('Controle de Entrega'!$B$6:$B$1575,MATCH($A107,'Controle de Entrega'!$K$6:$K$1575,0)),"") | D107: =IFERROR(INDEX('Controle de Entrega'!$C$6:$C$1575,MATCH($A107,'Controle de Entrega'!$K$6:$K$1575,0)),"") | E107: =IFERROR(INDEX('Controle de Entrega'!$D$6:$D$1575,MATCH($A107,'Controle de Entrega'!$K$6:$K$1575,0)),"") | F107: =IFERROR(INDEX('Controle de Entrega'!$E$6:$E$1575,MATCH($A107,'Controle de Entrega'!$K$6:$K$1575,0)),"") | G107: =IFERROR(INDEX('Controle de Entrega'!$F$6:$F$1575,MATCH($A107,'Controle de Entrega'!$K$6:$K$1575,0)),"") | H107: =IFERROR(INDEX('Controle de Entrega'!$G$6:$G$1575,MATCH($A107,'Controle de Entrega'!$K$6:$K$1575,0)),"") | I107: =IFERROR(IF(INDEX('Controle de Entrega'!$H$6:$H$1575,MATCH($A107,'Controle de Entrega'!$K$6:$K$1575,0))=0,"",INDEX('Controle de Entrega'!$H$6:$H$1575,MATCH($A107,'Controle de Entrega'!$K$6:$K$1575,0))),"") | J107: =IFERROR(IF(INDEX('Controle de Entrega'!$I$6:$I$1575,MATCH($A107,'Controle de Entrega'!$K$6:$K$1575,0))=0,"",INDEX('Controle de Entrega'!$I$6:$I$1575,MATCH($A107,'Controle de Entrega'!$K$6:$K$1575,0))),"") | R107: 11 | S107: =IFERROR(INDEX('Controle de Entrega'!$A$6:$A$1575,MATCH(R107,'Controle de Entrega'!$L$6:$L$1575,0)),"") | T107: =IFERROR(INDEX('Controle de Entrega'!$B$6:$B$1575,MATCH(R107,'Controle de Entrega'!$L$6:$L$1575,0)),"") | U107: =IFERROR(INDEX('Controle de Entrega'!$C$6:$C$1575,MATCH(R107,'Controle de Entrega'!$L$6:$L$1575,0)),"") | V107: =IFERROR(INDEX('Controle de Entrega'!$D$6:$D$1575,MATCH(R107,'Controle de Entrega'!$L$6:$L$1575,0)),"") | W107: =IFERROR(INDEX('Controle de Entrega'!$E$6:$E$1575,MATCH(R107,'Controle de Entrega'!$L$6:$L$1575,0)),"") | X107: =IFERROR(INDEX('Controle de Entrega'!$F$6:$F$1575,MATCH(R107,'Controle de Entrega'!$L$6:$L$1575,0)),"") | Y107: =IFERROR(INDEX('Controle de Entrega'!$G$6:$G$1575,MATCH(R107,'Controle de Entrega'!$L$6:$L$1575,0)),"") | Z107: =IFERROR(IF(INDEX('Controle de Entrega'!$H$6:$H$1575,MATCH(R107,'Controle de Entrega'!$L$6:$L$1575,0))=0,"",INDEX('Controle de Entrega'!$H$6:$H$1575,MATCH(R107,'Controle de Entrega'!$L$6:$L$1575,0))),"") | AA107: =IFERROR(IF(INDEX('Controle de Entrega'!$I$6:$I$1575,MATCH(R107,'Controle de Entrega'!$L$6:$L$1575,0))=0,"",INDEX('Controle de Entrega'!$I$6:$I$1575,MATCH(R107,'Controle de Entrega'!$L$6:$L$1575,0))),"") | AB107: =IFERROR(IF(MATCH(R107,'Controle de Entrega'!$L$6:$L$1575,0)+5=$AB$3,"● ATUAL",""),"")
A108: 12 | B108: =IFERROR(INDEX('Controle de Entrega'!$A$6:$A$1575,MATCH($A108,'Controle de Entrega'!$K$6:$K$1575,0)),"") | C108: =IFERROR(INDEX('Controle de Entrega'!$B$6:$B$1575,MATCH($A108,'Controle de Entrega'!$K$6:$K$1575,0)),"") | D108: =IFERROR(INDEX('Controle de Entrega'!$C$6:$C$1575,MATCH($A108,'Controle de Entrega'!$K$6:$K$1575,0)),"") | E108: =IFERROR(INDEX('Controle de Entrega'!$D$6:$D$1575,MATCH($A108,'Controle de Entrega'!$K$6:$K$1575,0)),"") | F108: =IFERROR(INDEX('Controle de Entrega'!$E$6:$E$1575,MATCH($A108,'Controle de Entrega'!$K$6:$K$1575,0)),"") | G108: =IFERROR(INDEX('Controle de Entrega'!$F$6:$F$1575,MATCH($A108,'Controle de Entrega'!$K$6:$K$1575,0)),"") | H108: =IFERROR(INDEX('Controle de Entrega'!$G$6:$G$1575,MATCH($A108,'Controle de Entrega'!$K$6:$K$1575,0)),"") | I108: =IFERROR(IF(INDEX('Controle de Entrega'!$H$6:$H$1575,MATCH($A108,'Controle de Entrega'!$K$6:$K$1575,0))=0,"",INDEX('Controle de Entrega'!$H$6:$H$1575,MATCH($A108,'Controle de Entrega'!$K$6:$K$1575,0))),"") | J108: =IFERROR(IF(INDEX('Controle de Entrega'!$I$6:$I$1575,MATCH($A108,'Controle de Entrega'!$K$6:$K$1575,0))=0,"",INDEX('Controle de Entrega'!$I$6:$I$1575,MATCH($A108,'Controle de Entrega'!$K$6:$K$1575,0))),"") | R108: 12 | S108: =IFERROR(INDEX('Controle de Entrega'!$A$6:$A$1575,MATCH(R108,'Controle de Entrega'!$L$6:$L$1575,0)),"") | T108: =IFERROR(INDEX('Controle de Entrega'!$B$6:$B$1575,MATCH(R108,'Controle de Entrega'!$L$6:$L$1575,0)),"") | U108: =IFERROR(INDEX('Controle de Entrega'!$C$6:$C$1575,MATCH(R108,'Controle de Entrega'!$L$6:$L$1575,0)),"") | V108: =IFERROR(INDEX('Controle de Entrega'!$D$6:$D$1575,MATCH(R108,'Controle de Entrega'!$L$6:$L$1575,0)),"") | W108: =IFERROR(INDEX('Controle de Entrega'!$E$6:$E$1575,MATCH(R108,'Controle de Entrega'!$L$6:$L$1575,0)),"") | X108: =IFERROR(INDEX('Controle de Entrega'!$F$6:$F$1575,MATCH(R108,'Controle de Entrega'!$L$6:$L$1575,0)),"") | Y108: =IFERROR(INDEX('Controle de Entrega'!$G$6:$G$1575,MATCH(R108,'Controle de Entrega'!$L$6:$L$1575,0)),"") | Z108: =IFERROR(IF(INDEX('Controle de Entrega'!$H$6:$H$1575,MATCH(R108,'Controle de Entrega'!$L$6:$L$1575,0))=0,"",INDEX('Controle de Entrega'!$H$6:$H$1575,MATCH(R108,'Controle de Entrega'!$L$6:$L$1575,0))),"") | AA108: =IFERROR(IF(INDEX('Controle de Entrega'!$I$6:$I$1575,MATCH(R108,'Controle de Entrega'!$L$6:$L$1575,0))=0,"",INDEX('Controle de Entrega'!$I$6:$I$1575,MATCH(R108,'Controle de Entrega'!$L$6:$L$1575,0))),"") | AB108: =IFERROR(IF(MATCH(R108,'Controle de Entrega'!$L$6:$L$1575,0)+5=$AB$3,"● ATUAL",""),"")
... A116: 20 | B116: =IFERROR(INDEX('Controle de Entrega'!$A$6:$A$1575,MATCH($A116,'Controle de Entrega'!$K$6:$K$1575,0)),"") | C116: =IFERROR(INDEX('Controle de Entrega'!$B$6:$B$1575,MATCH($A116,'Controle de Entrega'!$K$6:$K$1575,0)),"") | D116: =IFERROR(INDEX('Controle de Entrega'!$C$6:$C$1575,MATCH($A116,'Controle de Entrega'!$K$6:$K$1575,0)),"") | E116: =IFERROR(INDEX('Controle de Entrega'!$D$6:$D$1575,MATCH($A116,'Controle de Entrega'!$K$6:$K$1575,0)),"") | F116: =IFERROR(INDEX('Controle de Entrega'!$E$6:$E$1575,MATCH($A116,'Controle de Entrega'!$K$6:$K$1575,0)),"") | G116: =IFERROR(INDEX('Controle de Entrega'!$F$6:$F$1575,MATCH($A116,'Controle de Entrega'!$K$6:$K$1575,0)),"") | H116: =IFERROR(INDEX('Controle de Entrega'!$G$6:$G$1575,MATCH($A116,'Controle de Entrega'!$K$6:$K$1575,0)),"") | I116: =IFERROR(IF(INDEX('Controle de Entrega'!$H$6:$H$1575,MATCH($A116,'Controle de Entrega'!$K$6:$K$1575,0))=0,"",INDEX('Controle de Entrega'!$H$6:$H$1575,MATCH($A116,'Controle de Entrega'!$K$6:$K$1575,0))),"") | J116: =IFERROR(IF(INDEX('Controle de Entrega'!$I$6:$I$1575,MATCH($A116,'Controle de Entrega'!$K$6:$K$1575,0))=0,"",INDEX('Controle de Entrega'!$I$6:$I$1575,MATCH($A116,'Controle de Entrega'!$K$6:$K$1575,0))),"") | R116: 20 | S116: =IFERROR(INDEX('Controle de Entrega'!$A$6:$A$1575,MATCH(R116,'Controle de Entrega'!$L$6:$L$1575,0)),"") | T116: =IFERROR(INDEX('Controle de Entrega'!$B$6:$B$1575,MATCH(R116,'Controle de Entrega'!$L$6:$L$1575,0)),"") | U116: =IFERROR(INDEX('Controle de Entrega'!$C$6:$C$1575,MATCH(R116,'Controle de Entrega'!$L$6:$L$1575,0)),"") | V116: =IFERROR(INDEX('Controle de Entrega'!$D$6:$D$1575,MATCH(R116,'Controle de Entrega'!$L$6:$L$1575,0)),"") | W116: =IFERROR(INDEX('Controle de Entrega'!$E$6:$E$1575,MATCH(R116,'Controle de Entrega'!$L$6:$L$1575,0)),"") | X116: =IFERROR(INDEX('Controle de Entrega'!$F$6:$F$1575,MATCH(R116,'Controle de Entrega'!$L$6:$L$1575,0)),"") | Y116: =IFERROR(INDEX('Controle de Entrega'!$G$6:$G$1575,MATCH(R116,'Controle de Entrega'!$L$6:$L$1575,0)),"") | Z116: =IFERROR(IF(INDEX('Controle de Entrega'!$H$6:$H$1575,MATCH(R116,'Controle de Entrega'!$L$6:$L$1575,0))=0,"",INDEX('Controle de Entrega'!$H$6:$H$1575,MATCH(R116,'Controle de Entrega'!$L$6:$L$1575,0))),"") | AA116: =IFERROR(IF(INDEX('Controle de Entrega'!$I$6:$I$1575,MATCH(R116,'Controle de Entrega'!$L$6:$L$1575,0))=0,"",INDEX('Controle de Entrega'!$I$6:$I$1575,MATCH(R116,'Controle de Entrega'!$L$6:$L$1575,0))),"") | AB116: =IFERROR(IF(MATCH(R116,'Controle de Entrega'!$L$6:$L$1575,0)+5=$AB$3,"● ATUAL",""),"")
A117: 21 | B117: =IFERROR(INDEX('Controle de Entrega'!$A$6:$A$1575,MATCH($A117,'Controle de Entrega'!$K$6:$K$1575,0)),"") | C117: =IFERROR(INDEX('Controle de Entrega'!$B$6:$B$1575,MATCH($A117,'Controle de Entrega'!$K$6:$K$1575,0)),"") | D117: =IFERROR(INDEX('Controle de Entrega'!$C$6:$C$1575,MATCH($A117,'Controle de Entrega'!$K$6:$K$1575,0)),"") | E117: =IFERROR(INDEX('Controle de Entrega'!$D$6:$D$1575,MATCH($A117,'Controle de Entrega'!$K$6:$K$1575,0)),"") | F117: =IFERROR(INDEX('Controle de Entrega'!$E$6:$E$1575,MATCH($A117,'Controle de Entrega'!$K$6:$K$1575,0)),"") | G117: =IFERROR(INDEX('Controle de Entrega'!$F$6:$F$1575,MATCH($A117,'Controle de Entrega'!$K$6:$K$1575,0)),"") | H117: =IFERROR(INDEX('Controle de Entrega'!$G$6:$G$1575,MATCH($A117,'Controle de Entrega'!$K$6:$K$1575,0)),"") | I117: =IFERROR(IF(INDEX('Controle de Entrega'!$H$6:$H$1575,MATCH($A117,'Controle de Entrega'!$K$6:$K$1575,0))=0,"",INDEX('Controle de Entrega'!$H$6:$H$1575,MATCH($A117,'Controle de Entrega'!$K$6:$K$1575,0))),"") | J117: =IFERROR(IF(INDEX('Controle de Entrega'!$I$6:$I$1575,MATCH($A117,'Controle de Entrega'!$K$6:$K$1575,0))=0,"",INDEX('Controle de Entrega'!$I$6:$I$1575,MATCH($A117,'Controle de Entrega'!$K$6:$K$1575,0))),"")
A118: 22 | B118: =IFERROR(INDEX('Controle de Entrega'!$A$6:$A$1575,MATCH($A118,'Controle de Entrega'!$K$6:$K$1575,0)),"") | C118: =IFERROR(INDEX('Controle de Entrega'!$B$6:$B$1575,MATCH($A118,'Controle de Entrega'!$K$6:$K$1575,0)),"") | D118: =IFERROR(INDEX('Controle de Entrega'!$C$6:$C$1575,MATCH($A118,'Controle de Entrega'!$K$6:$K$1575,0)),"") | E118: =IFERROR(INDEX('Controle de Entrega'!$D$6:$D$1575,MATCH($A118,'Controle de Entrega'!$K$6:$K$1575,0)),"") | F118: =IFERROR(INDEX('Controle de Entrega'!$E$6:$E$1575,MATCH($A118,'Controle de Entrega'!$K$6:$K$1575,0)),"") | G118: =IFERROR(INDEX('Controle de Entrega'!$F$6:$F$1575,MATCH($A118,'Controle de Entrega'!$K$6:$K$1575,0)),"") | H118: =IFERROR(INDEX('Controle de Entrega'!$G$6:$G$1575,MATCH($A118,'Controle de Entrega'!$K$6:$K$1575,0)),"") | I118: =IFERROR(IF(INDEX('Controle de Entrega'!$H$6:$H$1575,MATCH($A118,'Controle de Entrega'!$K$6:$K$1575,0))=0,"",INDEX('Controle de Entrega'!$H$6:$H$1575,MATCH($A118,'Controle de Entrega'!$K$6:$K$1575,0))),"") | J118: =IFERROR(IF(INDEX('Controle de Entrega'!$I$6:$I$1575,MATCH($A118,'Controle de Entrega'!$K$6:$K$1575,0))=0,"",INDEX('Controle de Entrega'!$I$6:$I$1575,MATCH($A118,'Controle de Entrega'!$K$6:$K$1575,0))),"")
A119: 23 | B119: =IFERROR(INDEX('Controle de Entrega'!$A$6:$A$1575,MATCH($A119,'Controle de Entrega'!$K$6:$K$1575,0)),"") | C119: =IFERROR(INDEX('Controle de Entrega'!$B$6:$B$1575,MATCH($A119,'Controle de Entrega'!$K$6:$K$1575,0)),"") | D119: =IFERROR(INDEX('Controle de Entrega'!$C$6:$C$1575,MATCH($A119,'Controle de Entrega'!$K$6:$K$1575,0)),"") | E119: =IFERROR(INDEX('Controle de Entrega'!$D$6:$D$1575,MATCH($A119,'Controle de Entrega'!$K$6:$K$1575,0)),"") | F119: =IFERROR(INDEX('Controle de Entrega'!$E$6:$E$1575,MATCH($A119,'Controle de Entrega'!$K$6:$K$1575,0)),"") | G119: =IFERROR(INDEX('Controle de Entrega'!$F$6:$F$1575,MATCH($A119,'Controle de Entrega'!$K$6:$K$1575,0)),"") | H119: =IFERROR(INDEX('Controle de Entrega'!$G$6:$G$1575,MATCH($A119,'Controle de Entrega'!$K$6:$K$1575,0)),"") | I119: =IFERROR(IF(INDEX('Controle de Entrega'!$H$6:$H$1575,MATCH($A119,'Controle de Entrega'!$K$6:$K$1575,0))=0,"",INDEX('Controle de Entrega'!$H$6:$H$1575,MATCH($A119,'Controle de Entrega'!$K$6:$K$1575,0))),"") | J119: =IFERROR(IF(INDEX('Controle de Entrega'!$I$6:$I$1575,MATCH($A119,'Controle de Entrega'!$K$6:$K$1575,0))=0,"",INDEX('Controle de Entrega'!$I$6:$I$1575,MATCH($A119,'Controle de Entrega'!$K$6:$K$1575,0))),"")
A120: 24 | B120: =IFERROR(INDEX('Controle de Entrega'!$A$6:$A$1575,MATCH($A120,'Controle de Entrega'!$K$6:$K$1575,0)),"") | C120: =IFERROR(INDEX('Controle de Entrega'!$B$6:$B$1575,MATCH($A120,'Controle de Entrega'!$K$6:$K$1575,0)),"") | D120: =IFERROR(INDEX('Controle de Entrega'!$C$6:$C$1575,MATCH($A120,'Controle de Entrega'!$K$6:$K$1575,0)),"") | E120: =IFERROR(INDEX('Controle de Entrega'!$D$6:$D$1575,MATCH($A120,'Controle de Entrega'!$K$6:$K$1575,0)),"") | F120: =IFERROR(INDEX('Controle de Entrega'!$E$6:$E$1575,MATCH($A120,'Controle de Entrega'!$K$6:$K$1575,0)),"") | G120: =IFERROR(INDEX('Controle de Entrega'!$F$6:$F$1575,MATCH($A120,'Controle de Entrega'!$K$6:$K$1575,0)),"") | H120: =IFERROR(INDEX('Controle de Entrega'!$G$6:$G$1575,MATCH($A120,'Controle de Entrega'!$K$6:$K$1575,0)),"") | I120: =IFERROR(IF(INDEX('Controle de Entrega'!$H$6:$H$1575,MATCH($A120,'Controle de Entrega'!$K$6:$K$1575,0))=0,"",INDEX('Controle de Entrega'!$H$6:$H$1575,MATCH($A120,'Controle de Entrega'!$K$6:$K$1575,0))),"") | J120: =IFERROR(IF(INDEX('Controle de Entrega'!$I$6:$I$1575,MATCH($A120,'Controle de Entrega'!$K$6:$K$1575,0))=0,"",INDEX('Controle de Entrega'!$I$6:$I$1575,MATCH($A120,'Controle de Entrega'!$K$6:$K$1575,0))),"")
A121: 25 | B121: =IFERROR(INDEX('Controle de Entrega'!$A$6:$A$1575,MATCH($A121,'Controle de Entrega'!$K$6:$K$1575,0)),"") | C121: =IFERROR(INDEX('Controle de Entrega'!$B$6:$B$1575,MATCH($A121,'Controle de Entrega'!$K$6:$K$1575,0)),"") | D121: =IFERROR(INDEX('Controle de Entrega'!$C$6:$C$1575,MATCH($A121,'Controle de Entrega'!$K$6:$K$1575,0)),"") | E121: =IFERROR(INDEX('Controle de Entrega'!$D$6:$D$1575,MATCH($A121,'Controle de Entrega'!$K$6:$K$1575,0)),"") | F121: =IFERROR(INDEX('Controle de Entrega'!$E$6:$E$1575,MATCH($A121,'Controle de Entrega'!$K$6:$K$1575,0)),"") | G121: =IFERROR(INDEX('Controle de Entrega'!$F$6:$F$1575,MATCH($A121,'Controle de Entrega'!$K$6:$K$1575,0)),"") | H121: =IFERROR(INDEX('Controle de Entrega'!$G$6:$G$1575,MATCH($A121,'Controle de Entrega'!$K$6:$K$1575,0)),"") | I121: =IFERROR(IF(INDEX('Controle de Entrega'!$H$6:$H$1575,MATCH($A121,'Controle de Entrega'!$K$6:$K$1575,0))=0,"",INDEX('Controle de Entrega'!$H$6:$H$1575,MATCH($A121,'Controle de Entrega'!$K$6:$K$1575,0))),"") | J121: =IFERROR(IF(INDEX('Controle de Entrega'!$I$6:$I$1575,MATCH($A121,'Controle de Entrega'!$K$6:$K$1575,0))=0,"",INDEX('Controle de Entrega'!$I$6:$I$1575,MATCH($A121,'Controle de Entrega'!$K$6:$K$1575,0))),"")
A122: 26 | B122: =IFERROR(INDEX('Controle de Entrega'!$A$6:$A$1575,MATCH($A122,'Controle de Entrega'!$K$6:$K$1575,0)),"") | C122: =IFERROR(INDEX('Controle de Entrega'!$B$6:$B$1575,MATCH($A122,'Controle de Entrega'!$K$6:$K$1575,0)),"") | D122: =IFERROR(INDEX('Controle de Entrega'!$C$6:$C$1575,MATCH($A122,'Controle de Entrega'!$K$6:$K$1575,0)),"") | E122: =IFERROR(INDEX('Controle de Entrega'!$D$6:$D$1575,MATCH($A122,'Controle de Entrega'!$K$6:$K$1575,0)),"") | F122: =IFERROR(INDEX('Controle de Entrega'!$E$6:$E$1575,MATCH($A122,'Controle de Entrega'!$K$6:$K$1575,0)),"") | G122: =IFERROR(INDEX('Controle de Entrega'!$F$6:$F$1575,MATCH($A122,'Controle de Entrega'!$K$6:$K$1575,0)),"") | H122: =IFERROR(INDEX('Controle de Entrega'!$G$6:$G$1575,MATCH($A122,'Controle de Entrega'!$K$6:$K$1575,0)),"") | I122: =IFERROR(IF(INDEX('Controle de Entrega'!$H$6:$H$1575,MATCH($A122,'Controle de Entrega'!$K$6:$K$1575,0))=0,"",INDEX('Controle de Entrega'!$H$6:$H$1575,MATCH($A122,'Controle de Entrega'!$K$6:$K$1575,0))),"") | J122: =IFERROR(IF(INDEX('Controle de Entrega'!$I$6:$I$1575,MATCH($A122,'Controle de Entrega'!$K$6:$K$1575,0))=0,"",INDEX('Controle de Entrega'!$I$6:$I$1575,MATCH($A122,'Controle de Entrega'!$K$6:$K$1575,0))),"")
A123: 27 | B123: =IFERROR(INDEX('Controle de Entrega'!$A$6:$A$1575,MATCH($A123,'Controle de Entrega'!$K$6:$K$1575,0)),"") | C123: =IFERROR(INDEX('Controle de Entrega'!$B$6:$B$1575,MATCH($A123,'Controle de Entrega'!$K$6:$K$1575,0)),"") | D123: =IFERROR(INDEX('Controle de Entrega'!$C$6:$C$1575,MATCH($A123,'Controle de Entrega'!$K$6:$K$1575,0)),"") | E123: =IFERROR(INDEX('Controle de Entrega'!$D$6:$D$1575,MATCH($A123,'Controle de Entrega'!$K$6:$K$1575,0)),"") | F123: =IFERROR(INDEX('Controle de Entrega'!$E$6:$E$1575,MATCH($A123,'Controle de Entrega'!$K$6:$K$1575,0)),"") | G123: =IFERROR(INDEX('Controle de Entrega'!$F$6:$F$1575,MATCH($A123,'Controle de Entrega'!$K$6:$K$1575,0)),"") | H123: =IFERROR(INDEX('Controle de Entrega'!$G$6:$G$1575,MATCH($A123,'Controle de Entrega'!$K$6:$K$1575,0)),"") | I123: =IFERROR(IF(INDEX('Controle de Entrega'!$H$6:$H$1575,MATCH($A123,'Controle de Entrega'!$K$6:$K$1575,0))=0,"",INDEX('Controle de Entrega'!$H$6:$H$1575,MATCH($A123,'Controle de Entrega'!$K$6:$K$1575,0))),"") | J123: =IFERROR(IF(INDEX('Controle de Entrega'!$I$6:$I$1575,MATCH($A123,'Controle de Entrega'!$K$6:$K$1575,0))=0,"",INDEX('Controle de Entrega'!$I$6:$I$1575,MATCH($A123,'Controle de Entrega'!$K$6:$K$1575,0))),"")
A124: 28 | B124: =IFERROR(INDEX('Controle de Entrega'!$A$6:$A$1575,MATCH($A124,'Controle de Entrega'!$K$6:$K$1575,0)),"") | C124: =IFERROR(INDEX('Controle de Entrega'!$B$6:$B$1575,MATCH($A124,'Controle de Entrega'!$K$6:$K$1575,0)),"") | D124: =IFERROR(INDEX('Controle de Entrega'!$C$6:$C$1575,MATCH($A124,'Controle de Entrega'!$K$6:$K$1575,0)),"") | E124: =IFERROR(INDEX('Controle de Entrega'!$D$6:$D$1575,MATCH($A124,'Controle de Entrega'!$K$6:$K$1575,0)),"") | F124: =IFERROR(INDEX('Controle de Entrega'!$E$6:$E$1575,MATCH($A124,'Controle de Entrega'!$K$6:$K$1575,0)),"") | G124: =IFERROR(INDEX('Controle de Entrega'!$F$6:$F$1575,MATCH($A124,'Controle de Entrega'!$K$6:$K$1575,0)),"") | H124: =IFERROR(INDEX('Controle de Entrega'!$G$6:$G$1575,MATCH($A124,'Controle de Entrega'!$K$6:$K$1575,0)),"") | I124: =IFERROR(IF(INDEX('Controle de Entrega'!$H$6:$H$1575,MATCH($A124,'Controle de Entrega'!$K$6:$K$1575,0))=0,"",INDEX('Controle de Entrega'!$H$6:$H$1575,MATCH($A124,'Controle de Entrega'!$K$6:$K$1575,0))),"") | J124: =IFERROR(IF(INDEX('Controle de Entrega'!$I$6:$I$1575,MATCH($A124,'Controle de Entrega'!$K$6:$K$1575,0))=0,"",INDEX('Controle de Entrega'!$I$6:$I$1575,MATCH($A124,'Controle de Entrega'!$K$6:$K$1575,0))),"")
A125: 29 | B125: =IFERROR(INDEX('Controle de Entrega'!$A$6:$A$1575,MATCH($A125,'Controle de Entrega'!$K$6:$K$1575,0)),"") | C125: =IFERROR(INDEX('Controle de Entrega'!$B$6:$B$1575,MATCH($A125,'Controle de Entrega'!$K$6:$K$1575,0)),"") | D125: =IFERROR(INDEX('Controle de Entrega'!$C$6:$C$1575,MATCH($A125,'Controle de Entrega'!$K$6:$K$1575,0)),"") | E125: =IFERROR(INDEX('Controle de Entrega'!$D$6:$D$1575,MATCH($A125,'Controle de Entrega'!$K$6:$K$1575,0)),"") | F125: =IFERROR(INDEX('Controle de Entrega'!$E$6:$E$1575,MATCH($A125,'Controle de Entrega'!$K$6:$K$1575,0)),"") | G125: =IFERROR(INDEX('Controle de Entrega'!$F$6:$F$1575,MATCH($A125,'Controle de Entrega'!$K$6:$K$1575,0)),"") | H125: =IFERROR(INDEX('Controle de Entrega'!$G$6:$G$1575,MATCH($A125,'Controle de Entrega'!$K$6:$K$1575,0)),"") | I125: =IFERROR(IF(INDEX('Controle de Entrega'!$H$6:$H$1575,MATCH($A125,'Controle de Entrega'!$K$6:$K$1575,0))=0,"",INDEX('Controle de Entrega'!$H$6:$H$1575,MATCH($A125,'Controle de Entrega'!$K$6:$K$1575,0))),"") | J125: =IFERROR(IF(INDEX('Controle de Entrega'!$I$6:$I$1575,MATCH($A125,'Controle de Entrega'!$K$6:$K$1575,0))=0,"",INDEX('Controle de Entrega'!$I$6:$I$1575,MATCH($A125,'Controle de Entrega'!$K$6:$K$1575,0))),"")
A126: 30 | B126: =IFERROR(INDEX('Controle de Entrega'!$A$6:$A$1575,MATCH($A126,'Controle de Entrega'!$K$6:$K$1575,0)),"") | C126: =IFERROR(INDEX('Controle de Entrega'!$B$6:$B$1575,MATCH($A126,'Controle de Entrega'!$K$6:$K$1575,0)),"") | D126: =IFERROR(INDEX('Controle de Entrega'!$C$6:$C$1575,MATCH($A126,'Controle de Entrega'!$K$6:$K$1575,0)),"") | E126: =IFERROR(INDEX('Controle de Entrega'!$D$6:$D$1575,MATCH($A126,'Controle de Entrega'!$K$6:$K$1575,0)),"") | F126: =IFERROR(INDEX('Controle de Entrega'!$E$6:$E$1575,MATCH($A126,'Controle de Entrega'!$K$6:$K$1575,0)),"") | G126: =IFERROR(INDEX('Controle de Entrega'!$F$6:$F$1575,MATCH($A126,'Controle de Entrega'!$K$6:$K$1575,0)),"") | H126: =IFERROR(INDEX('Controle de Entrega'!$G$6:$G$1575,MATCH($A126,'Controle de Entrega'!$K$6:$K$1575,0)),"") | I126: =IFERROR(IF(INDEX('Controle de Entrega'!$H$6:$H$1575,MATCH($A126,'Controle de Entrega'!$K$6:$K$1575,0))=0,"",INDEX('Controle de Entrega'!$H$6:$H$1575,MATCH($A126,'Controle de Entrega'!$K$6:$K$1575,0))),"") | J126: =IFERROR(IF(INDEX('Controle de Entrega'!$I$6:$I$1575,MATCH($A126,'Controle de Entrega'!$K$6:$K$1575,0))=0,"",INDEX('Controle de Entrega'!$I$6:$I$1575,MATCH($A126,'Controle de Entrega'!$K$6:$K$1575,0))),"")
A127: 31 | B127: =IFERROR(INDEX('Controle de Entrega'!$A$6:$A$1575,MATCH($A127,'Controle de Entrega'!$K$6:$K$1575,0)),"") | C127: =IFERROR(INDEX('Controle de Entrega'!$B$6:$B$1575,MATCH($A127,'Controle de Entrega'!$K$6:$K$1575,0)),"") | D127: =IFERROR(INDEX('Controle de Entrega'!$C$6:$C$1575,MATCH($A127,'Controle de Entrega'!$K$6:$K$1575,0)),"") | E127: =IFERROR(INDEX('Controle de Entrega'!$D$6:$D$1575,MATCH($A127,'Controle de Entrega'!$K$6:$K$1575,0)),"") | F127: =IFERROR(INDEX('Controle de Entrega'!$E$6:$E$1575,MATCH($A127,'Controle de Entrega'!$K$6:$K$1575,0)),"") | G127: =IFERROR(INDEX('Controle de Entrega'!$F$6:$F$1575,MATCH($A127,'Controle de Entrega'!$K$6:$K$1575,0)),"") | H127: =IFERROR(INDEX('Controle de Entrega'!$G$6:$G$1575,MATCH($A127,'Controle de Entrega'!$K$6:$K$1575,0)),"") | I127: =IFERROR(IF(INDEX('Controle de Entrega'!$H$6:$H$1575,MATCH($A127,'Controle de Entrega'!$K$6:$K$1575,0))=0,"",INDEX('Controle de Entrega'!$H$6:$H$1575,MATCH($A127,'Controle de Entrega'!$K$6:$K$1575,0))),"") | J127: =IFERROR(IF(INDEX('Controle de Entrega'!$I$6:$I$1575,MATCH($A127,'Controle de Entrega'!$K$6:$K$1575,0))=0,"",INDEX('Controle de Entrega'!$I$6:$I$1575,MATCH($A127,'Controle de Entrega'!$K$6:$K$1575,0))),"")
A128: 32 | B128: =IFERROR(INDEX('Controle de Entrega'!$A$6:$A$1575,MATCH($A128,'Controle de Entrega'!$K$6:$K$1575,0)),"") | C128: =IFERROR(INDEX('Controle de Entrega'!$B$6:$B$1575,MATCH($A128,'Controle de Entrega'!$K$6:$K$1575,0)),"") | D128: =IFERROR(INDEX('Controle de Entrega'!$C$6:$C$1575,MATCH($A128,'Controle de Entrega'!$K$6:$K$1575,0)),"") | E128: =IFERROR(INDEX('Controle de Entrega'!$D$6:$D$1575,MATCH($A128,'Controle de Entrega'!$K$6:$K$1575,0)),"") | F128: =IFERROR(INDEX('Controle de Entrega'!$E$6:$E$1575,MATCH($A128,'Controle de Entrega'!$K$6:$K$1575,0)),"") | G128: =IFERROR(INDEX('Controle de Entrega'!$F$6:$F$1575,MATCH($A128,'Controle de Entrega'!$K$6:$K$1575,0)),"") | H128: =IFERROR(INDEX('Controle de Entrega'!$G$6:$G$1575,MATCH($A128,'Controle de Entrega'!$K$6:$K$1575,0)),"") | I128: =IFERROR(IF(INDEX('Controle de Entrega'!$H$6:$H$1575,MATCH($A128,'Controle de Entrega'!$K$6:$K$1575,0))=0,"",INDEX('Controle de Entrega'!$H$6:$H$1575,MATCH($A128,'Controle de Entrega'!$K$6:$K$1575,0))),"") | J128: =IFERROR(IF(INDEX('Controle de Entrega'!$I$6:$I$1575,MATCH($A128,'Controle de Entrega'!$K$6:$K$1575,0))=0,"",INDEX('Controle de Entrega'!$I$6:$I$1575,MATCH($A128,'Controle de Entrega'!$K$6:$K$1575,0))),"")
... A246: 150 | B246: =IFERROR(INDEX('Controle de Entrega'!$A$6:$A$1575,MATCH($A246,'Controle de Entrega'!$K$6:$K$1575,0)),"") | C246: =IFERROR(INDEX('Controle de Entrega'!$B$6:$B$1575,MATCH($A246,'Controle de Entrega'!$K$6:$K$1575,0)),"") | D246: =IFERROR(INDEX('Controle de Entrega'!$C$6:$C$1575,MATCH($A246,'Controle de Entrega'!$K$6:$K$1575,0)),"") | E246: =IFERROR(INDEX('Controle de Entrega'!$D$6:$D$1575,MATCH($A246,'Controle de Entrega'!$K$6:$K$1575,0)),"") | F246: =IFERROR(INDEX('Controle de Entrega'!$E$6:$E$1575,MATCH($A246,'Controle de Entrega'!$K$6:$K$1575,0)),"") | G246: =IFERROR(INDEX('Controle de Entrega'!$F$6:$F$1575,MATCH($A246,'Controle de Entrega'!$K$6:$K$1575,0)),"") | H246: =IFERROR(INDEX('Controle de Entrega'!$G$6:$G$1575,MATCH($A246,'Controle de Entrega'!$K$6:$K$1575,0)),"") | I246: =IFERROR(IF(INDEX('Controle de Entrega'!$H$6:$H$1575,MATCH($A246,'Controle de Entrega'!$K$6:$K$1575,0))=0,"",INDEX('Controle de Entrega'!$H$6:$H$1575,MATCH($A246,'Controle de Entrega'!$K$6:$K$1575,0))),"") | J246: =IFERROR(IF(INDEX('Controle de Entrega'!$I$6:$I$1575,MATCH($A246,'Controle de Entrega'!$K$6:$K$1575,0))=0,"",INDEX('Controle de Entrega'!$I$6:$I$1575,MATCH($A246,'Controle de Entrega'!$K$6:$K$1575,0))),"")

Sheet Dashboard
A1: DASHBOARD — ENTREGAS POR PERÍODO
A2: Escolha o período abaixo. As tabelas e os gráficos são recalculados automaticamente com base nos dados da aba 'Controle de Entrega'.
B3: Data início: | C3: 46113 | D3: Data fim: | E3: 46142
A6: Técnico | B6: Quantidade entregue
A7: =Técnicos!$C$5 -> Carlos Eduardo Lima | B7: =SUMIFS('Controle de Entrega'!$E$6:$E$1575,'Controle de Entrega'!$N$6:$N$1575,$A7,'Controle de Entrega'!$G$6:$G$1575,">="&$C$3,'Controle de Entrega'!$G$6:$G$1575,"<="&$E$3) -> 8
A8: =Técnicos!$C$6 -> Rafael Souza Martins | B8: =SUMIFS('Controle de Entrega'!$E$6:$E$1575,'Controle de Entrega'!$N$6:$N$1575,$A8,'Controle de Entrega'!$G$6:$G$1575,">="&$C$3,'Controle de Entrega'!$G$6:$G$1575,"<="&$E$3) -> 7
A9: =Técnicos!$C$7 -> Bruno Henrique Costa | B9: =SUMIFS('Controle de Entrega'!$E$6:$E$1575,'Controle de Entrega'!$N$6:$N$1575,$A9,'Controle de Entrega'!$G$6:$G$1575,">="&$C$3,'Controle de Entrega'!$G$6:$G$1575,"<="&$E$3) -> 3
A10: =Técnicos!$C$8 -> Diego Ferreira Alves | B10: =SUMIFS('Controle de Entrega'!$E$6:$E$1575,'Controle de Entrega'!$N$6:$N$1575,$A10,'Controle de Entrega'!$G$6:$G$1575,">="&$C$3,'Controle de Entrega'!$G$6:$G$1575,"<="&$E$3) -> 7
A11: =Técnicos!$C$9 -> Marcos Vinícius Rocha | B11: =SUMIFS('Controle de Entrega'!$E$6:$E$1575,'Controle de Entrega'!$N$6:$N$1575,$A11,'Controle de Entrega'!$G$6:$G$1575,">="&$C$3,'Controle de Entrega'!$G$6:$G$1575,"<="&$E$3) -> 3
A12: =Técnicos!$C$10 -> Felipe Augusto Nunes | B12: =SUMIFS('Controle de Entrega'!$E$6:$E$1575,'Controle de Entrega'!$N$6:$N$1575,$A12,'Controle de Entrega'!$G$6:$G$1575,">="&$C$3,'Controle de Entrega'!$G$6:$G$1575,"<="&$E$3) -> 7
A13: =Técnicos!$C$11 -> Thiago Ramos Silva | B13: =SUMIFS('Controle de Entrega'!$E$6:$E$1575,'Controle de Entrega'!$N$6:$N$1575,$A13,'Controle de Entrega'!$G$6:$G$1575,">="&$C$3,'Controle de Entrega'!$G$6:$G$1575,"<="&$E$3) -> 2
A14: =Técnicos!$C$12 -> Lucas Pereira Gomes | B14: =SUMIFS('Controle de Entrega'!$E$6:$E$1575,'Controle de Entrega'!$N$6:$N$1575,$A14,'Controle de Entrega'!$G$6:$G$1575,">="&$C$3,'Controle de Entrega'!$G$6:$G$1575,"<="&$E$3) -> 3
A15: =Técnicos!$C$13 -> 0 | B15: =SUMIFS('Controle de Entrega'!$E$6:$E$1575,'Controle de Entrega'!$N$6:$N$1575,$A15,'Controle de Entrega'!$G$6:$G$1575,">="&$C$3,'Controle de Entrega'!$G$6:$G$1575,"<="&$E$3) -> 0
A16: =Técnicos!$C$14 -> 0 | B16: =SUMIFS('Controle de Entrega'!$E$6:$E$1575,'Controle de Entrega'!$N$6:$N$1575,$A16,'Controle de Entrega'!$G$6:$G$1575,">="&$C$3,'Controle de Entrega'!$G$6:$G$1575,"<="&$E$3) -> 0
A17: =Técnicos!$C$15 -> 0 | B17: =SUMIFS('Controle de Entrega'!$E$6:$E$1575,'Controle de Entrega'!$N$6:$N$1575,$A17,'Controle de Entrega'!$G$6:$G$1575,">="&$C$3,'Controle de Entrega'!$G$6:$G$1575,"<="&$E$3) -> 0
A18: =Técnicos!$C$16 -> 0 | B18: =SUMIFS('Controle de Entrega'!$E$6:$E$1575,'Controle de Entrega'!$N$6:$N$1575,$A18,'Controle de Entrega'!$G$6:$G$1575,">="&$C$3,'Controle de Entrega'!$G$6:$G$1575,"<="&$E$3) -> 0
A19: =Técnicos!$C$17 -> 0 | B19: =SUMIFS('Controle de Entrega'!$E$6:$E$1575,'Controle de Entrega'!$N$6:$N$1575,$A19,'Controle de Entrega'!$G$6:$G$1575,">="&$C$3,'Controle de Entrega'!$G$6:$G$1575,"<="&$E$3) -> 0
A20: =Técnicos!$C$18 -> 0 | B20: =SUMIFS('Controle de Entrega'!$E$6:$E$1575,'Controle de Entrega'!$N$6:$N$1575,$A20,'Controle de Entrega'!$G$6:$G$1575,">="&$C$3,'Controle de Entrega'!$G$6:$G$1575,"<="&$E$3) -> 0
A21: =Técnicos!$C$19 -> 0 | B21: =SUMIFS('Controle de Entrega'!$E$6:$E$1575,'Controle de Entrega'!$N$6:$N$1575,$A21,'Controle de Entrega'!$G$6:$G$1575,">="&$C$3,'Controle de Entrega'!$G$6:$G$1575,"<="&$E$3) -> 0
A22: =Técnicos!$C$20 -> 0 | B22: =SUMIFS('Controle de Entrega'!$E$6:$E$1575,'Controle de Entrega'!$N$6:$N$1575,$A22,'Controle de Entrega'!$G$6:$G$1575,">="&$C$3,'Controle de Entrega'!$G$6:$G$1575,"<="&$E$3) -> 0
A23: =Técnicos!$C$21 -> 0 | B23: =SUMIFS('Controle de Entrega'!$E$6:$E$1575,'Controle de Entrega'!$N$6:$N$1575,$A23,'Controle de Entrega'!$G$6:$G$1575,">="&$C$3,'Controle de Entrega'!$G$6:$G$1575,"<="&$E$3) -> 0
A24: =Técnicos!$C$22 -> 0 | B24: =SUMIFS('Controle de Entrega'!$E$6:$E$1575,'Controle de Entrega'!$N$6:$N$1575,$A24,'Controle de Entrega'!$G$6:$G$1575,">="&$C$3,'Controle de Entrega'!$G$6:$G$1575,"<="&$E$3) -> 0
A25: =Técnicos!$C$23 -> 0 | B25: =SUMIFS('Controle de Entrega'!$E$6:$E$1575,'Controle de Entrega'!$N$6:$N$1575,$A25,'Controle de Entrega'!$G$6:$G$1575,">="&$C$3,'Controle de Entrega'!$G$6:$G$1575,"<="&$E$3) -> 0
A26: =Técnicos!$C$24 -> 0 | B26: =SUMIFS('Controle de Entrega'!$E$6:$E$1575,'Controle de Entrega'!$N$6:$N$1575,$A26,'Controle de Entrega'!$G$6:$G$1575,">="&$C$3,'Controle de Entrega'!$G$6:$G$1575,"<="&$E$3) -> 0
A27: =Técnicos!$C$25 -> 0 | B27: =SUMIFS('Controle de Entrega'!$E$6:$E$1575,'Controle de Entrega'!$N$6:$N$1575,$A27,'Controle de Entrega'!$G$6:$G$1575,">="&$C$3,'Controle de Entrega'!$G$6:$G$1575,"<="&$E$3) -> 0
A28: =Técnicos!$C$26 -> 0 | B28: =SUMIFS('Controle de Entrega'!$E$6:$E$1575,'Controle de Entrega'!$N$6:$N$1575,$A28,'Controle de Entrega'!$G$6:$G$1575,">="&$C$3,'Controle de Entrega'!$G$6:$G$1575,"<="&$E$3) -> 0
A29: =Técnicos!$C$27 -> 0 | B29: =SUMIFS('Controle de Entrega'!$E$6:$E$1575,'Controle de Entrega'!$N$6:$N$1575,$A29,'Controle de Entrega'!$G$6:$G$1575,">="&$C$3,'Controle de Entrega'!$G$6:$G$1575,"<="&$E$3) -> 0
A30: =Técnicos!$C$28 -> 0 | B30: =SUMIFS('Controle de Entrega'!$E$6:$E$1575,'Controle de Entrega'!$N$6:$N$1575,$A30,'Controle de Entrega'!$G$6:$G$1575,">="&$C$3,'Controle de Entrega'!$G$6:$G$1575,"<="&$E$3) -> 0
A31: =Técnicos!$C$29 -> 0 | B31: =SUMIFS('Controle de Entrega'!$E$6:$E$1575,'Controle de Entrega'!$N$6:$N$1575,$A31,'Controle de Entrega'!$G$6:$G$1575,">="&$C$3,'Controle de Entrega'!$G$6:$G$1575,"<="&$E$3) -> 0
A32: =Técnicos!$C$30 -> 0 | B32: =SUMIFS('Controle de Entrega'!$E$6:$E$1575,'Controle de Entrega'!$N$6:$N$1575,$A32,'Controle de Entrega'!$G$6:$G$1575,">="&$C$3,'Controle de Entrega'!$G$6:$G$1575,"<="&$E$3) -> 0
A33: =Técnicos!$C$31 -> 0 | B33: =SUMIFS('Controle de Entrega'!$E$6:$E$1575,'Controle de Entrega'!$N$6:$N$1575,$A33,'Controle de Entrega'!$G$6:$G$1575,">="&$C$3,'Controle de Entrega'!$G$6:$G$1575,"<="&$E$3) -> 0
A34: =Técnicos!$C$32 -> 0 | B34: =SUMIFS('Controle de Entrega'!$E$6:$E$1575,'Controle de Entrega'!$N$6:$N$1575,$A34,'Controle de Entrega'!$G$6:$G$1575,">="&$C$3,'Controle de Entrega'!$G$6:$G$1575,"<="&$E$3) -> 0
A35: =Técnicos!$C$33 -> 0 | B35: =SUMIFS('Controle de Entrega'!$E$6:$E$1575,'Controle de Entrega'!$N$6:$N$1575,$A35,'Controle de Entrega'!$G$6:$G$1575,">="&$C$3,'Controle de Entrega'!$G$6:$G$1575,"<="&$E$3) -> 0
A36: =Técnicos!$C$34 -> 0 | B36: =SUMIFS('Controle de Entrega'!$E$6:$E$1575,'Controle de Entrega'!$N$6:$N$1575,$A36,'Controle de Entrega'!$G$6:$G$1575,">="&$C$3,'Controle de Entrega'!$G$6:$G$1575,"<="&$E$3) -> 0
A37: =Técnicos!$C$35 -> 0 | B37: =SUMIFS('Controle de Entrega'!$E$6:$E$1575,'Controle de Entrega'!$N$6:$N$1575,$A37,'Controle de Entrega'!$G$6:$G$1575,">="&$C$3,'Controle de Entrega'!$G$6:$G$1575,"<="&$E$3) -> 0
A39: EQUIPAMENTOS ENTREGUES NO PERÍODO
A40: Descrição do equipamento | B40: Quantidade entregue
A41: =Catálogo_Itens!$D$2 -> FIBERHOME ONU HG6143D GPON WI-FI AC 1200M | B41: =SUMIFS('Controle de Entrega'!$E$6:$E$1575,'Controle de Entrega'!$C$6:$C$1575,$A41,'Controle de Entrega'!$G$6:$G$1575,">="&$C$3,'Controle de Entrega'!$G$6:$G$1575,"<="&$E$3) -> 0
A42: =Catálogo_Itens!$D$3 -> FIBRA | B42: =SUMIFS('Controle de Entrega'!$E$6:$E$1575,'Controle de Entrega'!$C$6:$C$1575,$A42,'Controle de Entrega'!$G$6:$G$1575,">="&$C$3,'Controle de Entrega'!$G$6:$G$1575,"<="&$E$3) -> 0
A43: =Catálogo_Itens!$D$4 -> ONT ECHOLIFE HG8145V5 GPON/EPON SC/APC | B43: =SUMIFS('Controle de Entrega'!$E$6:$E$1575,'Controle de Entrega'!$C$6:$C$1575,$A43,'Controle de Entrega'!$G$6:$G$1575,">="&$C$3,'Controle de Entrega'!$G$6:$G$1575,"<="&$E$3) -> 0
A44: =Catálogo_Itens!$D$5 -> ONT NOKIA 1425-GA | B44: =SUMIFS('Controle de Entrega'!$E$6:$E$1575,'Controle de Entrega'!$C$6:$C$1575,$A44,'Controle de Entrega'!$G$6:$G$1575,">="&$C$3,'Controle de Entrega'!$G$6:$G$1575,"<="&$E$3) -> 8
A45: =Catálogo_Itens!$D$6 -> ONT TP-LINK XX230V WIFI 6 AX1800 SEMINOVA | B45: =SUMIFS('Controle de Entrega'!$E$6:$E$1575,'Controle de Entrega'!$C$6:$C$1575,$A45,'Controle de Entrega'!$G$6:$G$1575,">="&$C$3,'Controle de Entrega'!$G$6:$G$1575,"<="&$E$3) -> 0
A46: =Catálogo_Itens!$D$7 -> ONU GPON ZTE F6600P AX18000 DUAL-BAND WIFI 6 SEMINOVO | B46: =SUMIFS('Controle de Entrega'!$E$6:$E$1575,'Controle de Entrega'!$C$6:$C$1575,$A46,'Controle de Entrega'!$G$6:$G$1575,">="&$C$3,'Controle de Entrega'!$G$6:$G$1575,"<="&$E$3) -> 0
A47: =Catálogo_Itens!$D$8 -> ROTEADOR TP-LINK WIRELESS AC1200 ARCHER C5W GIGABIT DUAL BAND | B47: =SUMIFS('Controle de Entrega'!$E$6:$E$1575,'Controle de Entrega'!$C$6:$C$1575,$A47,'Controle de Entrega'!$G$6:$G$1575,">="&$C$3,'Controle de Entrega'!$G$6:$G$1575,"<="&$E$3) -> 9
A48: =Catálogo_Itens!$D$9 -> ROTEADOR VIA REAL | B48: =SUMIFS('Controle de Entrega'!$E$6:$E$1575,'Controle de Entrega'!$C$6:$C$1575,$A48,'Controle de Entrega'!$G$6:$G$1575,">="&$C$3,'Controle de Entrega'!$G$6:$G$1575,"<="&$E$3) -> 0
A49: =Catálogo_Itens!$D$10 -> ONT GPON ZYXEL PX3321-T1 AX3000 WIFI 6 SEMINOVO | B49: =SUMIFS('Controle de Entrega'!$E$6:$E$1575,'Controle de Entrega'!$C$6:$C$1575,$A49,'Controle de Entrega'!$G$6:$G$1575,">="&$C$3,'Controle de Entrega'!$G$6:$G$1575,"<="&$E$3) -> 0
A50: =Catálogo_Itens!$D$11 -> ONU GPON ZTE F670L - WIFI AC1200 MBPS 2X2 COM 2 ANTENAS | B50: =SUMIFS('Controle de Entrega'!$E$6:$E$1575,'Controle de Entrega'!$C$6:$C$1575,$A50,'Controle de Entrega'!$G$6:$G$1575,">="&$C$3,'Controle de Entrega'!$G$6:$G$1575,"<="&$E$3) -> 0
A51: =Catálogo_Itens!$D$12 -> REPETIDOR DE SINAL TP-LINK RE305 | B51: =SUMIFS('Controle de Entrega'!$E$6:$E$1575,'Controle de Entrega'!$C$6:$C$1575,$A51,'Controle de Entrega'!$G$6:$G$1575,">="&$C$3,'Controle de Entrega'!$G$6:$G$1575,"<="&$E$3) -> 10
A52: =Catálogo_Itens!$D$13 -> REPETIDOR DE SINAL TP-LINK RE305 (SEMI-NOVO) | B52: =SUMIFS('Controle de Entrega'!$E$6:$E$1575,'Controle de Entrega'!$C$6:$C$1575,$A52,'Controle de Entrega'!$G$6:$G$1575,">="&$C$3,'Controle de Entrega'!$G$6:$G$1575,"<="&$E$3) -> 0
A53: =Catálogo_Itens!$D$14 -> ONT GPON ZYXEL PX3321-T1 AX3000 WIFI 6 | B53: =SUMIFS('Controle de Entrega'!$E$6:$E$1575,'Controle de Entrega'!$C$6:$C$1575,$A53,'Controle de Entrega'!$G$6:$G$1575,">="&$C$3,'Controle de Entrega'!$G$6:$G$1575,"<="&$E$3) -> 11
A54: =Catálogo_Itens!$D$15 -> ONT NOKIA 2425G B | B54: =SUMIFS('Controle de Entrega'!$E$6:$E$1575,'Controle de Entrega'!$C$6:$C$1575,$A54,'Controle de Entrega'!$G$6:$G$1575,">="&$C$3,'Controle de Entrega'!$G$6:$G$1575,"<="&$E$3) -> 0
A55: =Catálogo_Itens!$D$16 -> ONU GPON ZTE F6600P AX3000 DUAL-BAND WIFI 6 | B55: =SUMIFS('Controle de Entrega'!$E$6:$E$1575,'Controle de Entrega'!$C$6:$C$1575,$A55,'Controle de Entrega'!$G$6:$G$1575,">="&$C$3,'Controle de Entrega'!$G$6:$G$1575,"<="&$E$3) -> 2
A56: =Catálogo_Itens!$D$17 -> ONU GPON ZTE F6600P AX3000 DUAL-BAND WIFI 6 SEMINOVO | B56: =SUMIFS('Controle de Entrega'!$E$6:$E$1575,'Controle de Entrega'!$C$6:$C$1575,$A56,'Controle de Entrega'!$G$6:$G$1575,">="&$C$3,'Controle de Entrega'!$G$6:$G$1575,"<="&$E$3) -> 0
A57: =Catálogo_Itens!$D$18 -> ONT HUAWEI EG8145X6-10 AX3000 | B57: =SUMIFS('Controle de Entrega'!$E$6:$E$1575,'Controle de Entrega'!$C$6:$C$1575,$A57,'Controle de Entrega'!$G$6:$G$1575,">="&$C$3,'Controle de Entrega'!$G$6:$G$1575,"<="&$E$3) -> 0
A58: =Catálogo_Itens!$D$19 -> WDC ONT NOKIA 1425-GA | B58: =SUMIFS('Controle de Entrega'!$E$6:$E$1575,'Controle de Entrega'!$C$6:$C$1575,$A58,'Controle de Entrega'!$G$6:$G$1575,">="&$C$3,'Controle de Entrega'!$G$6:$G$1575,"<="&$E$3) -> 0
A59: =Catálogo_Itens!$D$20 -> ONU SIMPLES GPON 1 PORTA | B59: =SUMIFS('Controle de Entrega'!$E$6:$E$1575,'Controle de Entrega'!$C$6:$C$1575,$A59,'Controle de Entrega'!$G$6:$G$1575,">="&$C$3,'Controle de Entrega'!$G$6:$G$1575,"<="&$E$3) -> 0
A60: =Catálogo_Itens!$D$21 -> FIBERHOME MODEL AN5506-04 | B60: =SUMIFS('Controle de Entrega'!$E$6:$E$1575,'Controle de Entrega'!$C$6:$C$1575,$A60,'Controle de Entrega'!$G$6:$G$1575,">="&$C$3,'Controle de Entrega'!$G$6:$G$1575,"<="&$E$3) -> 0
A61: =Catálogo_Itens!$D$22 -> 1GE GPON ONT | B61: =SUMIFS('Controle de Entrega'!$E$6:$E$1575,'Controle de Entrega'!$C$6:$C$1575,$A61,'Controle de Entrega'!$G$6:$G$1575,">="&$C$3,'Controle de Entrega'!$G$6:$G$1575,"<="&$E$3) -> 0
A62: =Catálogo_Itens!$D$23 -> AcAP MESH HUAWEI ECHOLIFE WA8021V5 | B62: =SUMIFS('Controle de Entrega'!$E$6:$E$1575,'Controle de Entrega'!$C$6:$C$1575,$A62,'Controle de Entrega'!$G$6:$G$1575,">="&$C$3,'Controle de Entrega'!$G$6:$G$1575,"<="&$E$3) -> 0
A63: =Catálogo_Itens!$D$24 -> ROKU STREAMING SEMINOVO | B63: =SUMIFS('Controle de Entrega'!$E$6:$E$1575,'Controle de Entrega'!$C$6:$C$1575,$A63,'Controle de Entrega'!$G$6:$G$1575,">="&$C$3,'Controle de Entrega'!$G$6:$G$1575,"<="&$E$3) -> 0
A64: =Catálogo_Itens!$D$25 -> ONU GPON ZTE F6600P AX18000 DUAL-BAND WIFI 6 | B64: =SUMIFS('Controle de Entrega'!$E$6:$E$1575,'Controle de Entrega'!$C$6:$C$1575,$A64,'Controle de Entrega'!$G$6:$G$1575,">="&$C$3,'Controle de Entrega'!$G$6:$G$1575,"<="&$E$3) -> 0
A65: =Catálogo_Itens!$D$26 -> Mesh ZTE H3601PI AX3000 Wi-Fi 6 SEMINOVO | B65: =SUMIFS('Controle de Entrega'!$E$6:$E$1575,'Controle de Entrega'!$C$6:$C$1575,$A65,'Controle de Entrega'!$G$6:$G$1575,">="&$C$3,'Controle de Entrega'!$G$6:$G$1575,"<="&$E$3) -> 0
A66: =Catálogo_Itens!$D$27 -> ROTEADOR MESH ZYXEL EX3320-T1 AX3000 WIFI 6 | B66: =SUMIFS('Controle de Entrega'!$E$6:$E$1575,'Controle de Entrega'!$C$6:$C$1575,$A66,'Controle de Entrega'!$G$6:$G$1575,">="&$C$3,'Controle de Entrega'!$G$6:$G$1575,"<="&$E$3) -> 0
A67: =Catálogo_Itens!$D$28 -> ONT FIBERHOME HG6145F3 AX3000 | B67: =SUMIFS('Controle de Entrega'!$E$6:$E$1575,'Controle de Entrega'!$C$6:$C$1575,$A67,'Controle de Entrega'!$G$6:$G$1575,">="&$C$3,'Controle de Entrega'!$G$6:$G$1575,"<="&$E$3) -> 0
A68: =Catálogo_Itens!$D$29 -> ONU GPON WIFI COMPLETA | B68: =SUMIFS('Controle de Entrega'!$E$6:$E$1575,'Controle de Entrega'!$C$6:$C$1575,$A68,'Controle de Entrega'!$G$6:$G$1575,">="&$C$3,'Controle de Entrega'!$G$6:$G$1575,"<="&$E$3) -> 0
A69: =Catálogo_Itens!$D$30 -> ONU VIAREAL | B69: =SUMIFS('Controle de Entrega'!$E$6:$E$1575,'Controle de Entrega'!$C$6:$C$1575,$A69,'Controle de Entrega'!$G$6:$G$1575,">="&$C$3,'Controle de Entrega'!$G$6:$G$1575,"<="&$E$3) -> 0
A70: =Catálogo_Itens!$D$31 -> ONU AN5506-04-FG | B70: =SUMIFS('Controle de Entrega'!$E$6:$E$1575,'Controle de Entrega'!$C$6:$C$1575,$A70,'Controle de Entrega'!$G$6:$G$1575,">="&$C$3,'Controle de Entrega'!$G$6:$G$1575,"<="&$E$3) -> 0
A71: =Catálogo_Itens!$D$32 -> ONU TPLINK | B71: =SUMIFS('Controle de Entrega'!$E$6:$E$1575,'Controle de Entrega'!$C$6:$C$1575,$A71,'Controle de Entrega'!$G$6:$G$1575,">="&$C$3,'Controle de Entrega'!$G$6:$G$1575,"<="&$E$3) -> 0
A72: =Catálogo_Itens!$D$33 -> ONU VIA REAL | B72: =SUMIFS('Controle de Entrega'!$E$6:$E$1575,'Controle de Entrega'!$C$6:$C$1575,$A72,'Controle de Entrega'!$G$6:$G$1575,">="&$C$3,'Controle de Entrega'!$G$6:$G$1575,"<="&$E$3) -> 0
A73: =Catálogo_Itens!$D$34 -> ROTEADOR TP-LINK WIRELESS AC750 ARCHER C20 DUAL BAND 3 ANT | B73: =SUMIFS('Controle de Entrega'!$E$6:$E$1575,'Controle de Entrega'!$C$6:$C$1575,$A73,'Controle de Entrega'!$G$6:$G$1575,">="&$C$3,'Controle de Entrega'!$G$6:$G$1575,"<="&$E$3) -> 0
A74: =Catálogo_Itens!$D$35 -> ONU FIBERHOME | B74: =SUMIFS('Controle de Entrega'!$E$6:$E$1575,'Controle de Entrega'!$C$6:$C$1575,$A74,'Controle de Entrega'!$G$6:$G$1575,">="&$C$3,'Controle de Entrega'!$G$6:$G$1575,"<="&$E$3) -> 0
A75: =Catálogo_Itens!$D$36 -> Mesh ZTE H3601PI AX3000 Wi-Fi 6 | B75: =SUMIFS('Controle de Entrega'!$E$6:$E$1575,'Controle de Entrega'!$C$6:$C$1575,$A75,'Controle de Entrega'!$G$6:$G$1575,">="&$C$3,'Controle de Entrega'!$G$6:$G$1575,"<="&$E$3) -> 0
A76: =Catálogo_Itens!$D$37 -> ONU FIBERHOME AN5506 | B76: =SUMIFS('Controle de Entrega'!$E$6:$E$1575,'Controle de Entrega'!$C$6:$C$1575,$A76,'Controle de Entrega'!$G$6:$G$1575,">="&$C$3,'Controle de Entrega'!$G$6:$G$1575,"<="&$E$3) -> 0
A77: =Catálogo_Itens!$D$38 -> ONT NOKIA G- 1425-GB | B77: =SUMIFS('Controle de Entrega'!$E$6:$E$1575,'Controle de Entrega'!$C$6:$C$1575,$A77,'Controle de Entrega'!$G$6:$G$1575,">="&$C$3,'Controle de Entrega'!$G$6:$G$1575,"<="&$E$3) -> 0
A78: =Catálogo_Itens!$D$39 -> ONU TP LINK AC1200 | B78: =SUMIFS('Controle de Entrega'!$E$6:$E$1575,'Controle de Entrega'!$C$6:$C$1575,$A78,'Controle de Entrega'!$G$6:$G$1575,">="&$C$3,'Controle de Entrega'!$G$6:$G$1575,"<="&$E$3) -> 0
A79: =Catálogo_Itens!$D$40 -> TP LINK AC750N | B79: =SUMIFS('Controle de Entrega'!$E$6:$E$1575,'Controle de Entrega'!$C$6:$C$1575,$A79,'Controle de Entrega'!$G$6:$G$1575,">="&$C$3,'Controle de Entrega'!$G$6:$G$1575,"<="&$E$3) -> 0
A80: =Catálogo_Itens!$D$41 -> GPON ONT ANATEL | B80: =SUMIFS('Controle de Entrega'!$E$6:$E$1575,'Controle de Entrega'!$C$6:$C$1575,$A80,'Controle de Entrega'!$G$6:$G$1575,">="&$C$3,'Controle de Entrega'!$G$6:$G$1575,"<="&$E$3) -> 0
A81: =Catálogo_Itens!$D$42 -> GPON ONT VIAREAL | B81: =SUMIFS('Controle de Entrega'!$E$6:$E$1575,'Controle de Entrega'!$C$6:$C$1575,$A81,'Controle de Entrega'!$G$6:$G$1575,">="&$C$3,'Controle de Entrega'!$G$6:$G$1575,"<="&$E$3) -> 0
A82: =Catálogo_Itens!$D$43 -> GPON ONU FIBER HOME MODEL AN5506 | B82: =SUMIFS('Controle de Entrega'!$E$6:$E$1575,'Controle de Entrega'!$C$6:$C$1575,$A82,'Controle de Entrega'!$G$6:$G$1575,">="&$C$3,'Controle de Entrega'!$G$6:$G$1575,"<="&$E$3) -> 0
A83: =Catálogo_Itens!$D$44 -> GPON ONU FIBERHOME AN5506-04 | B83: =SUMIFS('Controle de Entrega'!$E$6:$E$1575,'Controle de Entrega'!$C$6:$C$1575,$A83,'Controle de Entrega'!$G$6:$G$1575,">="&$C$3,'Controle de Entrega'!$G$6:$G$1575,"<="&$E$3) -> 0
A84: =Catálogo_Itens!$D$45 -> FIBERHOME ONU HG6143D GPON WI-FI AC 1200M / ENTREGOU EQUIPAMENTO DANIFICADO POR CLIENTE | B84: =SUMIFS('Controle de Entrega'!$E$6:$E$1575,'Controle de Entrega'!$C$6:$C$1575,$A84,'Controle de Entrega'!$G$6:$G$1575,">="&$C$3,'Controle de Entrega'!$G$6:$G$1575,"<="&$E$3) -> 0
A85: =Catálogo_Itens!$D$46 -> TP LINK AC750 | B85: =SUMIFS('Controle de Entrega'!$E$6:$E$1575,'Controle de Entrega'!$C$6:$C$1575,$A85,'Controle de Entrega'!$G$6:$G$1575,">="&$C$3,'Controle de Entrega'!$G$6:$G$1575,"<="&$E$3) -> 0
A86: =Catálogo_Itens!$D$47 -> GPON VIAREAL | B86: =SUMIFS('Controle de Entrega'!$E$6:$E$1575,'Controle de Entrega'!$C$6:$C$1575,$A86,'Controle de Entrega'!$G$6:$G$1575,">="&$C$3,'Controle de Entrega'!$G$6:$G$1575,"<="&$E$3) -> 0
A87: =Catálogo_Itens!$D$48 -> FIBERHOME AN5506-04 | B87: =SUMIFS('Controle de Entrega'!$E$6:$E$1575,'Controle de Entrega'!$C$6:$C$1575,$A87,'Controle de Entrega'!$G$6:$G$1575,">="&$C$3,'Controle de Entrega'!$G$6:$G$1575,"<="&$E$3) -> 0
A88: =Catálogo_Itens!$D$49 -> 1 GPON ONT ANATEL | B88: =SUMIFS('Controle de Entrega'!$E$6:$E$1575,'Controle de Entrega'!$C$6:$C$1575,$A88,'Controle de Entrega'!$G$6:$G$1575,">="&$C$3,'Controle de Entrega'!$G$6:$G$1575,"<="&$E$3) -> 0
A89: =Catálogo_Itens!$D$50 -> MESH HUAWEI K562 AX3000 | B89: =SUMIFS('Controle de Entrega'!$E$6:$E$1575,'Controle de Entrega'!$C$6:$C$1575,$A89,'Controle de Entrega'!$G$6:$G$1575,">="&$C$3,'Controle de Entrega'!$G$6:$G$1575,"<="&$E$3) -> 0
A90: =Catálogo_Itens!$D$51 -> ONU EPON WIFI COMPLETA | B90: =SUMIFS('Controle de Entrega'!$E$6:$E$1575,'Controle de Entrega'!$C$6:$C$1575,$A90,'Controle de Entrega'!$G$6:$G$1575,">="&$C$3,'Controle de Entrega'!$G$6:$G$1575,"<="&$E$3) -> 0
A91: =Catálogo_Itens!$D$52 -> ONU GPON ZTE F6600P AX18000 DUAL-BAND WIFI 6 | B91: =SUMIFS('Controle de Entrega'!$E$6:$E$1575,'Controle de Entrega'!$C$6:$C$1575,$A91,'Controle de Entrega'!$G$6:$G$1575,">="&$C$3,'Controle de Entrega'!$G$6:$G$1575,"<="&$E$3) -> 0
A92: =Catálogo_Itens!$D$53 -> GPON INTELBRAS WRN150 | B92: =SUMIFS('Controle de Entrega'!$E$6:$E$1575,'Controle de Entrega'!$C$6:$C$1575,$A92,'Controle de Entrega'!$G$6:$G$1575,">="&$C$3,'Controle de Entrega'!$G$6:$G$1575,"<="&$E$3) -> 0
A93: =Catálogo_Itens!$D$54 -> TP LINK ARCHER C5<W> AC1200 | B93: =SUMIFS('Controle de Entrega'!$E$6:$E$1575,'Controle de Entrega'!$C$6:$C$1575,$A93,'Controle de Entrega'!$G$6:$G$1575,">="&$C$3,'Controle de Entrega'!$G$6:$G$1575,"<="&$E$3) -> 0
A94: =Catálogo_Itens!$D$55 -> INTELBRAS WRN150 | B94: =SUMIFS('Controle de Entrega'!$E$6:$E$1575,'Controle de Entrega'!$C$6:$C$1575,$A94,'Controle de Entrega'!$G$6:$G$1575,">="&$C$3,'Controle de Entrega'!$G$6:$G$1575,"<="&$E$3) -> 0
A95: =Catálogo_Itens!$D$56 -> HG8245W5-6T GPON 1G Terminal,SC/APC | B95: =SUMIFS('Controle de Entrega'!$E$6:$E$1575,'Controle de Entrega'!$C$6:$C$1575,$A95,'Controle de Entrega'!$G$6:$G$1575,">="&$C$3,'Controle de Entrega'!$G$6:$G$1575,"<="&$E$3) -> 0
A96: =Catálogo_Itens!$D$57 -> ONT VIA REAL | B96: =SUMIFS('Controle de Entrega'!$E$6:$E$1575,'Controle de Entrega'!$C$6:$C$1575,$A96,'Controle de Entrega'!$G$6:$G$1575,">="&$C$3,'Controle de Entrega'!$G$6:$G$1575,"<="&$E$3) -> 0
A97: =Catálogo_Itens!$D$58 -> TP LINK TL-WR841HP | B97: =SUMIFS('Controle de Entrega'!$E$6:$E$1575,'Controle de Entrega'!$C$6:$C$1575,$A97,'Controle de Entrega'!$G$6:$G$1575,">="&$C$3,'Controle de Entrega'!$G$6:$G$1575,"<="&$E$3) -> 0
A98: =Catálogo_Itens!$D$59 -> AUDIO CODE | B98: =SUMIFS('Controle de Entrega'!$E$6:$E$1575,'Controle de Entrega'!$C$6:$C$1575,$A98,'Controle de Entrega'!$G$6:$G$1575,">="&$C$3,'Controle de Entrega'!$G$6:$G$1575,"<="&$E$3) -> 0
A99: =Catálogo_Itens!$D$60 -> TP LINK AC1200 | B99: =SUMIFS('Controle de Entrega'!$E$6:$E$1575,'Controle de Entrega'!$C$6:$C$1575,$A99,'Controle de Entrega'!$G$6:$G$1575,">="&$C$3,'Controle de Entrega'!$G$6:$G$1575,"<="&$E$3) -> 0
A100: =Catálogo_Itens!$D$61 -> ONU GPON ZTE F6201B AX3000 DUAL-BAND WIFI 6 | B100: =SUMIFS('Controle de Entrega'!$E$6:$E$1575,'Controle de Entrega'!$C$6:$C$1575,$A100,'Controle de Entrega'!$G$6:$G$1575,">="&$C$3,'Controle de Entrega'!$G$6:$G$1575,"<="&$E$3) -> 0
A101: =Catálogo_Itens!$D$62 -> ONT VIAREAL | B101: =SUMIFS('Controle de Entrega'!$E$6:$E$1575,'Controle de Entrega'!$C$6:$C$1575,$A101,'Controle de Entrega'!$G$6:$G$1575,">="&$C$3,'Controle de Entrega'!$G$6:$G$1575,"<="&$E$3) -> 0
A102: =Catálogo_Itens!$D$63 -> ONU GPON ZTE F6201B AX3000 DUAL-BAND WIFI 6 SEMINOVO | B102: =SUMIFS('Controle de Entrega'!$E$6:$E$1575,'Controle de Entrega'!$C$6:$C$1575,$A102,'Controle de Entrega'!$G$6:$G$1575,">="&$C$3,'Controle de Entrega'!$G$6:$G$1575,"<="&$E$3) -> 0
A103: =Catálogo_Itens!$D$64 -> GRANDSTREAM | B103: =SUMIFS('Controle de Entrega'!$E$6:$E$1575,'Controle de Entrega'!$C$6:$C$1575,$A103,'Controle de Entrega'!$G$6:$G$1575,">="&$C$3,'Controle de Entrega'!$G$6:$G$1575,"<="&$E$3) -> 0
...

Sheet Comprovante DEV
B4: COMPROVANTE DE DEVOLUÇÃO DE EQUIPAMENTOS
B5: Selecione o técnico e a data da entrega. A lista é preenchida automaticamente e, na impressão, somente os itens realmente entregues aparecem — as linhas sem equipamento ficam em branco, sem bordas.
C6: Técnico: | D6: Carlos Eduardo Lima
C7: Data da entrega: | D7: 46117
B9: Data por extenso: | C9: =IF($D$7="","",TEXT(DAY($D$7),"0")&" de "&CHOOSE(MONTH($D$7),"janeiro","fevereiro","março","abril","maio","junho","julho","agosto","setembro","outubro","novembro","dezembro")&" de "&YEAR($D$7)) -> 5 de abril de 2026
B11: Nº | C11: Posição no depósito | D11: Nº do item | E11: Descrição do item | F11: Nº de série | G11: Quantidade | H11: Nº Documento | I11: Observação
B12: 1 | C12: =IFERROR(INDEX('Controle de Entrega'!$A$6:$A$1575,MATCH($B12,'Controle de Entrega'!$M$6:$M$1575,0)),"") | D12: =IFERROR(INDEX('Controle de Entrega'!$B$6:$B$1575,MATCH($B12,'Controle de Entrega'!$M$6:$M$1575,0)),"") | E12: =IFERROR(INDEX('Controle de Entrega'!$C$6:$C$1575,MATCH($B12,'Controle de Entrega'!$M$6:$M$1575,0)),"") | F12: =IFERROR(INDEX('Controle de Entrega'!$D$6:$D$1575,MATCH($B12,'Controle de Entrega'!$M$6:$M$1575,0)),"") | G12: =IFERROR(INDEX('Controle de Entrega'!$E$6:$E$1575,MATCH($B12,'Controle de Entrega'!$M$6:$M$1575,0)),"") | H12: =IFERROR(IF(INDEX('Controle de Entrega'!$H$6:$H$1575,MATCH($B12,'Controle de Entrega'!$M$6:$M$1575,0))=0,"",INDEX('Controle de Entrega'!$H$6:$H$1575,MATCH($B12,'Controle de Entrega'!$M$6:$M$1575,0))),"") | I12: =IFERROR(IF(INDEX('Controle de Entrega'!$I$6:$I$1575,MATCH($B12,'Controle de Entrega'!$M$6:$M$1575,0))=0,"",INDEX('Controle de Entrega'!$I$6:$I$1575,MATCH($B12,'Controle de Entrega'!$M$6:$M$1575,0))),"")
B13: 2 | C13: =IFERROR(INDEX('Controle de Entrega'!$A$6:$A$1575,MATCH($B13,'Controle de Entrega'!$M$6:$M$1575,0)),"") | D13: =IFERROR(INDEX('Controle de Entrega'!$B$6:$B$1575,MATCH($B13,'Controle de Entrega'!$M$6:$M$1575,0)),"") | E13: =IFERROR(INDEX('Controle de Entrega'!$C$6:$C$1575,MATCH($B13,'Controle de Entrega'!$M$6:$M$1575,0)),"") | F13: =IFERROR(INDEX('Controle de Entrega'!$D$6:$D$1575,MATCH($B13,'Controle de Entrega'!$M$6:$M$1575,0)),"") | G13: =IFERROR(INDEX('Controle de Entrega'!$E$6:$E$1575,MATCH($B13,'Controle de Entrega'!$M$6:$M$1575,0)),"") | H13: =IFERROR(IF(INDEX('Controle de Entrega'!$H$6:$H$1575,MATCH($B13,'Controle de Entrega'!$M$6:$M$1575,0))=0,"",INDEX('Controle de Entrega'!$H$6:$H$1575,MATCH($B13,'Controle de Entrega'!$M$6:$M$1575,0))),"") | I13: =IFERROR(IF(INDEX('Controle de Entrega'!$I$6:$I$1575,MATCH($B13,'Controle de Entrega'!$M$6:$M$1575,0))=0,"",INDEX('Controle de Entrega'!$I$6:$I$1575,MATCH($B13,'Controle de Entrega'!$M$6:$M$1575,0))),"")
B14: 3 | C14: =IFERROR(INDEX('Controle de Entrega'!$A$6:$A$1575,MATCH($B14,'Controle de Entrega'!$M$6:$M$1575,0)),"") | D14: =IFERROR(INDEX('Controle de Entrega'!$B$6:$B$1575,MATCH($B14,'Controle de Entrega'!$M$6:$M$1575,0)),"") | E14: =IFERROR(INDEX('Controle de Entrega'!$C$6:$C$1575,MATCH($B14,'Controle de Entrega'!$M$6:$M$1575,0)),"") | F14: =IFERROR(INDEX('Controle de Entrega'!$D$6:$D$1575,MATCH($B14,'Controle de Entrega'!$M$6:$M$1575,0)),"") | G14: =IFERROR(INDEX('Controle de Entrega'!$E$6:$E$1575,MATCH($B14,'Controle de Entrega'!$M$6:$M$1575,0)),"") | H14: =IFERROR(IF(INDEX('Controle de Entrega'!$H$6:$H$1575,MATCH($B14,'Controle de Entrega'!$M$6:$M$1575,0))=0,"",INDEX('Controle de Entrega'!$H$6:$H$1575,MATCH($B14,'Controle de Entrega'!$M$6:$M$1575,0))),"") | I14: =IFERROR(IF(INDEX('Controle de Entrega'!$I$6:$I$1575,MATCH($B14,'Controle de Entrega'!$M$6:$M$1575,0))=0,"",INDEX('Controle de Entrega'!$I$6:$I$1575,MATCH($B14,'Controle de Entrega'!$M$6:$M$1575,0))),"")
B15: 4 | C15: =IFERROR(INDEX('Controle de Entrega'!$A$6:$A$1575,MATCH($B15,'Controle de Entrega'!$M$6:$M$1575,0)),"") | D15: =IFERROR(INDEX('Controle de Entrega'!$B$6:$B$1575,MATCH($B15,'Controle de Entrega'!$M$6:$M$1575,0)),"") | E15: =IFERROR(INDEX('Controle de Entrega'!$C$6:$C$1575,MATCH($B15,'Controle de Entrega'!$M$6:$M$1575,0)),"") | F15: =IFERROR(INDEX('Controle de Entrega'!$D$6:$D$1575,MATCH($B15,'Controle de Entrega'!$M$6:$M$1575,0)),"") | G15: =IFERROR(INDEX('Controle de Entrega'!$E$6:$E$1575,MATCH($B15,'Controle de Entrega'!$M$6:$M$1575,0)),"") | H15: =IFERROR(IF(INDEX('Controle de Entrega'!$H$6:$H$1575,MATCH($B15,'Controle de Entrega'!$M$6:$M$1575,0))=0,"",INDEX('Controle de Entrega'!$H$6:$H$1575,MATCH($B15,'Controle de Entrega'!$M$6:$M$1575,0))),"") | I15: =IFERROR(IF(INDEX('Controle de Entrega'!$I$6:$I$1575,MATCH($B15,'Controle de Entrega'!$M$6:$M$1575,0))=0,"",INDEX('Controle de Entrega'!$I$6:$I$1575,MATCH($B15,'Controle de Entrega'!$M$6:$M$1575,0))),"")
B16: 5 | C16: =IFERROR(INDEX('Controle de Entrega'!$A$6:$A$1575,MATCH($B16,'Controle de Entrega'!$M$6:$M$1575,0)),"") | D16: =IFERROR(INDEX('Controle de Entrega'!$B$6:$B$1575,MATCH($B16,'Controle de Entrega'!$M$6:$M$1575,0)),"") | E16: =IFERROR(INDEX('Controle de Entrega'!$C$6:$C$1575,MATCH($B16,'Controle de Entrega'!$M$6:$M$1575,0)),"") | F16: =IFERROR(INDEX('Controle de Entrega'!$D$6:$D$1575,MATCH($B16,'Controle de Entrega'!$M$6:$M$1575,0)),"") | G16: =IFERROR(INDEX('Controle de Entrega'!$E$6:$E$1575,MATCH($B16,'Controle de Entrega'!$M$6:$M$1575,0)),"") | H16: =IFERROR(IF(INDEX('Controle de Entrega'!$H$6:$H$1575,MATCH($B16,'Controle de Entrega'!$M$6:$M$1575,0))=0,"",INDEX('Controle de Entrega'!$H$6:$H$1575,MATCH($B16,'Controle de Entrega'!$M$6:$M$1575,0))),"") | I16: =IFERROR(IF(INDEX('Controle de Entrega'!$I$6:$I$1575,MATCH($B16,'Controle de Entrega'!$M$6:$M$1575,0))=0,"",INDEX('Controle de Entrega'!$I$6:$I$1575,MATCH($B16,'Controle de Entrega'!$M$6:$M$1575,0))),"")
B17: 6 | C17: =IFERROR(INDEX('Controle de Entrega'!$A$6:$A$1575,MATCH($B17,'Controle de Entrega'!$M$6:$M$1575,0)),"") | D17: =IFERROR(INDEX('Controle de Entrega'!$B$6:$B$1575,MATCH($B17,'Controle de Entrega'!$M$6:$M$1575,0)),"") | E17: =IFERROR(INDEX('Controle de Entrega'!$C$6:$C$1575,MATCH($B17,'Controle de Entrega'!$M$6:$M$1575,0)),"") | F17: =IFERROR(INDEX('Controle de Entrega'!$D$6:$D$1575,MATCH($B17,'Controle de Entrega'!$M$6:$M$1575,0)),"") | G17: =IFERROR(INDEX('Controle de Entrega'!$E$6:$E$1575,MATCH($B17,'Controle de Entrega'!$M$6:$M$1575,0)),"") | H17: =IFERROR(IF(INDEX('Controle de Entrega'!$H$6:$H$1575,MATCH($B17,'Controle de Entrega'!$M$6:$M$1575,0))=0,"",INDEX('Controle de Entrega'!$H$6:$H$1575,MATCH($B17,'Controle de Entrega'!$M$6:$M$1575,0))),"") | I17: =IFERROR(IF(INDEX('Controle de Entrega'!$I$6:$I$1575,MATCH($B17,'Controle de Entrega'!$M$6:$M$1575,0))=0,"",INDEX('Controle de Entrega'!$I$6:$I$1575,MATCH($B17,'Controle de Entrega'!$M$6:$M$1575,0))),"")
B18: 7 | C18: =IFERROR(INDEX('Controle de Entrega'!$A$6:$A$1575,MATCH($B18,'Controle de Entrega'!$M$6:$M$1575,0)),"") | D18: =IFERROR(INDEX('Controle de Entrega'!$B$6:$B$1575,MATCH($B18,'Controle de Entrega'!$M$6:$M$1575,0)),"") | E18: =IFERROR(INDEX('Controle de Entrega'!$C$6:$C$1575,MATCH($B18,'Controle de Entrega'!$M$6:$M$1575,0)),"") | F18: =IFERROR(INDEX('Controle de Entrega'!$D$6:$D$1575,MATCH($B18,'Controle de Entrega'!$M$6:$M$1575,0)),"") | G18: =IFERROR(INDEX('Controle de Entrega'!$E$6:$E$1575,MATCH($B18,'Controle de Entrega'!$M$6:$M$1575,0)),"") | H18: =IFERROR(IF(INDEX('Controle de Entrega'!$H$6:$H$1575,MATCH($B18,'Controle de Entrega'!$M$6:$M$1575,0))=0,"",INDEX('Controle de Entrega'!$H$6:$H$1575,MATCH($B18,'Controle de Entrega'!$M$6:$M$1575,0))),"") | I18: =IFERROR(IF(INDEX('Controle de Entrega'!$I$6:$I$1575,MATCH($B18,'Controle de Entrega'!$M$6:$M$1575,0))=0,"",INDEX('Controle de Entrega'!$I$6:$I$1575,MATCH($B18,'Controle de Entrega'!$M$6:$M$1575,0))),"")
B19: 8 | C19: =IFERROR(INDEX('Controle de Entrega'!$A$6:$A$1575,MATCH($B19,'Controle de Entrega'!$M$6:$M$1575,0)),"") | D19: =IFERROR(INDEX('Controle de Entrega'!$B$6:$B$1575,MATCH($B19,'Controle de Entrega'!$M$6:$M$1575,0)),"") | E19: =IFERROR(INDEX('Controle de Entrega'!$C$6:$C$1575,MATCH($B19,'Controle de Entrega'!$M$6:$M$1575,0)),"") | F19: =IFERROR(INDEX('Controle de Entrega'!$D$6:$D$1575,MATCH($B19,'Controle de Entrega'!$M$6:$M$1575,0)),"") | G19: =IFERROR(INDEX('Controle de Entrega'!$E$6:$E$1575,MATCH($B19,'Controle de Entrega'!$M$6:$M$1575,0)),"") | H19: =IFERROR(IF(INDEX('Controle de Entrega'!$H$6:$H$1575,MATCH($B19,'Controle de Entrega'!$M$6:$M$1575,0))=0,"",INDEX('Controle de Entrega'!$H$6:$H$1575,MATCH($B19,'Controle de Entrega'!$M$6:$M$1575,0))),"") | I19: =IFERROR(IF(INDEX('Controle de Entrega'!$I$6:$I$1575,MATCH($B19,'Controle de Entrega'!$M$6:$M$1575,0))=0,"",INDEX('Controle de Entrega'!$I$6:$I$1575,MATCH($B19,'Controle de Entrega'!$M$6:$M$1575,0))),"")
B20: 9 | C20: =IFERROR(INDEX('Controle de Entrega'!$A$6:$A$1575,MATCH($B20,'Controle de Entrega'!$M$6:$M$1575,0)),"") | D20: =IFERROR(INDEX('Controle de Entrega'!$B$6:$B$1575,MATCH($B20,'Controle de Entrega'!$M$6:$M$1575,0)),"") | E20: =IFERROR(INDEX('Controle de Entrega'!$C$6:$C$1575,MATCH($B20,'Controle de Entrega'!$M$6:$M$1575,0)),"") | F20: =IFERROR(INDEX('Controle de Entrega'!$D$6:$D$1575,MATCH($B20,'Controle de Entrega'!$M$6:$M$1575,0)),"") | G20: =IFERROR(INDEX('Controle de Entrega'!$E$6:$E$1575,MATCH($B20,'Controle de Entrega'!$M$6:$M$1575,0)),"") | H20: =IFERROR(IF(INDEX('Controle de Entrega'!$H$6:$H$1575,MATCH($B20,'Controle de Entrega'!$M$6:$M$1575,0))=0,"",INDEX('Controle de Entrega'!$H$6:$H$1575,MATCH($B20,'Controle de Entrega'!$M$6:$M$1575,0))),"") | I20: =IFERROR(IF(INDEX('Controle de Entrega'!$I$6:$I$1575,MATCH($B20,'Controle de Entrega'!$M$6:$M$1575,0))=0,"",INDEX('Controle de Entrega'!$I$6:$I$1575,MATCH($B20,'Controle de Entrega'!$M$6:$M$1575,0))),"")
B21: 10 | C21: =IFERROR(INDEX('Controle de Entrega'!$A$6:$A$1575,MATCH($B21,'Controle de Entrega'!$M$6:$M$1575,0)),"") | D21: =IFERROR(INDEX('Controle de Entrega'!$B$6:$B$1575,MATCH($B21,'Controle de Entrega'!$M$6:$M$1575,0)),"") | E21: =IFERROR(INDEX('Controle de Entrega'!$C$6:$C$1575,MATCH($B21,'Controle de Entrega'!$M$6:$M$1575,0)),"") | F21: =IFERROR(INDEX('Controle de Entrega'!$D$6:$D$1575,MATCH($B21,'Controle de Entrega'!$M$6:$M$1575,0)),"") | G21: =IFERROR(INDEX('Controle de Entrega'!$E$6:$E$1575,MATCH($B21,'Controle de Entrega'!$M$6:$M$1575,0)),"") | H21: =IFERROR(IF(INDEX('Controle de Entrega'!$H$6:$H$1575,MATCH($B21,'Controle de Entrega'!$M$6:$M$1575,0))=0,"",INDEX('Controle de Entrega'!$H$6:$H$1575,MATCH($B21,'Controle de Entrega'!$M$6:$M$1575,0))),"") | I21: =IFERROR(IF(INDEX('Controle de Entrega'!$I$6:$I$1575,MATCH($B21,'Controle de Entrega'!$M$6:$M$1575,0))=0,"",INDEX('Controle de Entrega'!$I$6:$I$1575,MATCH($B21,'Controle de Entrega'!$M$6:$M$1575,0))),"")
B22: 11 | C22: =IFERROR(INDEX('Controle de Entrega'!$A$6:$A$1575,MATCH($B22,'Controle de Entrega'!$M$6:$M$1575,0)),"") | D22: =IFERROR(INDEX('Controle de Entrega'!$B$6:$B$1575,MATCH($B22,'Controle de Entrega'!$M$6:$M$1575,0)),"") | E22: =IFERROR(INDEX('Controle de Entrega'!$C$6:$C$1575,MATCH($B22,'Controle de Entrega'!$M$6:$M$1575,0)),"") | F22: =IFERROR(INDEX('Controle de Entrega'!$D$6:$D$1575,MATCH($B22,'Controle de Entrega'!$M$6:$M$1575,0)),"") | G22: =IFERROR(INDEX('Controle de Entrega'!$E$6:$E$1575,MATCH($B22,'Controle de Entrega'!$M$6:$M$1575,0)),"") | H22: =IFERROR(IF(INDEX('Controle de Entrega'!$H$6:$H$1575,MATCH($B22,'Controle de Entrega'!$M$6:$M$1575,0))=0,"",INDEX('Controle de Entrega'!$H$6:$H$1575,MATCH($B22,'Controle de Entrega'!$M$6:$M$1575,0))),"") | I22: =IFERROR(IF(INDEX('Controle de Entrega'!$I$6:$I$1575,MATCH($B22,'Controle de Entrega'!$M$6:$M$1575,0))=0,"",INDEX('Controle de Entrega'!$I$6:$I$1575,MATCH($B22,'Controle de Entrega'!$M$6:$M$1575,0))),"")
B23: 12 | C23: =IFERROR(INDEX('Controle de Entrega'!$A$6:$A$1575,MATCH($B23,'Controle de Entrega'!$M$6:$M$1575,0)),"") | D23: =IFERROR(INDEX('Controle de Entrega'!$B$6:$B$1575,MATCH($B23,'Controle de Entrega'!$M$6:$M$1575,0)),"") | E23: =IFERROR(INDEX('Controle de Entrega'!$C$6:$C$1575,MATCH($B23,'Controle de Entrega'!$M$6:$M$1575,0)),"") | F23: =IFERROR(INDEX('Controle de Entrega'!$D$6:$D$1575,MATCH($B23,'Controle de Entrega'!$M$6:$M$1575,0)),"") | G23: =IFERROR(INDEX('Controle de Entrega'!$E$6:$E$1575,MATCH($B23,'Controle de Entrega'!$M$6:$M$1575,0)),"") | H23: =IFERROR(IF(INDEX('Controle de Entrega'!$H$6:$H$1575,MATCH($B23,'Controle de Entrega'!$M$6:$M$1575,0))=0,"",INDEX('Controle de Entrega'!$H$6:$H$1575,MATCH($B23,'Controle de Entrega'!$M$6:$M$1575,0))),"") | I23: =IFERROR(IF(INDEX('Controle de Entrega'!$I$6:$I$1575,MATCH($B23,'Controle de Entrega'!$M$6:$M$1575,0))=0,"",INDEX('Controle de Entrega'!$I$6:$I$1575,MATCH($B23,'Controle de Entrega'!$M$6:$M$1575,0))),"")
... B41: 30 | C41: =IFERROR(INDEX('Controle de Entrega'!$A$6:$A$1575,MATCH($B41,'Controle de Entrega'!$M$6:$M$1575,0)),"") | D41: =IFERROR(INDEX('Controle de Entrega'!$B$6:$B$1575,MATCH($B41,'Controle de Entrega'!$M$6:$M$1575,0)),"") | E41: =IFERROR(INDEX('Controle de Entrega'!$C$6:$C$1575,MATCH($B41,'Controle de Entrega'!$M$6:$M$1575,0)),"") | F41: =IFERROR(INDEX('Controle de Entrega'!$D$6:$D$1575,MATCH($B41,'Controle de Entrega'!$M$6:$M$1575,0)),"") | G41: =IFERROR(INDEX('Controle de Entrega'!$E$6:$E$1575,MATCH($B41,'Controle de Entrega'!$M$6:$M$1575,0)),"") | H41: =IFERROR(IF(INDEX('Controle de Entrega'!$H$6:$H$1575,MATCH($B41,'Controle de Entrega'!$M$6:$M$1575,0))=0,"",INDEX('Controle de Entrega'!$H$6:$H$1575,MATCH($B41,'Controle de Entrega'!$M$6:$M$1575,0))),"") | I41: =IFERROR(IF(INDEX('Controle de Entrega'!$I$6:$I$1575,MATCH($B41,'Controle de Entrega'!$M$6:$M$1575,0))=0,"",INDEX('Controle de Entrega'!$I$6:$I$1575,MATCH($B41,'Controle de Entrega'!$M$6:$M$1575,0))),"")
D42: TOTAL DE ITENS: | G42: =IF($D$6="","",COUNTIFS('Controle de Entrega'!$N$6:$N$1575,$D$6,'Controle de Entrega'!$G$6:$G$1575,$D$7)) -> 0
B45: Declaro, para os devidos fins, ter entregue na referente data os equipamentos relacionados acima, em perfeito estado de funcionamento, responsabilizando-me pela sua guarda e uso adequado, conforme as normas internas da empresa.
B50: _____________________________________ | F50: _____________________________________
B51: Assinatura do Técnico | F51: Assinatura do Responsável pelo Almoxarifado
B53: =IF($D$7="","",$C$9) -> 5 de abril de 2026

Sheet Ranking Clientes
A1: RANKING DE TÉCNICOS — EQUIPAMENTOS EM CLIENTES
A2: Lista para acompanhamento da MANUTENÇÃO/logística reversa: quais técnicos estão com mais equipamentos entregues diretamente a clientes (pendentes de devolução manual) no período.
B4: Data início: | C4: 46113 | D4: Data fim: | E4: 46142 | H4: =Técnicos!$C$5 -> Carlos Eduardo Lima | I4: =SUMIFS('Controle de Entrega'!$E$6:$E$1575,'Controle de Entrega'!$N$6:$N$1575,H4,'Controle de Entrega'!$G$6:$G$1575,">="&$C$4,'Controle de Entrega'!$G$6:$G$1575,"<="&$E$4,'Controle de Entrega'!$I$6:$I$1575,"CLIENTE*") -> 5 | J4: =SUMIFS('Controle de Entrega'!$E$6:$E$1575,'Controle de Entrega'!$N$6:$N$1575,H4,'Controle de Entrega'!$G$6:$G$1575,">="&$C$4,'Controle de Entrega'!$G$6:$G$1575,"<="&$E$4) -> 8 | K4: =I4-ROW()/100000000 -> 5 | L4: =RANK(K4,$K$4:$K$34) -> 1
H5: =Técnicos!$C$6 -> Rafael Souza Martins | I5: =SUMIFS('Controle de Entrega'!$E$6:$E$1575,'Controle de Entrega'!$N$6:$N$1575,H5,'Controle de Entrega'!$G$6:$G$1575,">="&$C$4,'Controle de Entrega'!$G$6:$G$1575,"<="&$E$4,'Controle de Entrega'!$I$6:$I$1575,"CLIENTE*") -> 3 | J5: =SUMIFS('Controle de Entrega'!$E$6:$E$1575,'Controle de Entrega'!$N$6:$N$1575,H5,'Controle de Entrega'!$G$6:$G$1575,">="&$C$4,'Controle de Entrega'!$G$6:$G$1575,"<="&$E$4) -> 7 | K5: =I5-ROW()/100000000 -> 2.9999999 | L5: =RANK(K5,$K$4:$K$34) -> 4
H6: =Técnicos!$C$7 -> Bruno Henrique Costa | I6: =SUMIFS('Controle de Entrega'!$E$6:$E$1575,'Controle de Entrega'!$N$6:$N$1575,H6,'Controle de Entrega'!$G$6:$G$1575,">="&$C$4,'Controle de Entrega'!$G$6:$G$1575,"<="&$E$4,'Controle de Entrega'!$I$6:$I$1575,"CLIENTE*") -> 0 | J6: =SUMIFS('Controle de Entrega'!$E$6:$E$1575,'Controle de Entrega'!$N$6:$N$1575,H6,'Controle de Entrega'!$G$6:$G$1575,">="&$C$4,'Controle de Entrega'!$G$6:$G$1575,"<="&$E$4) -> 3 | K6: =I6-ROW()/100000000 -> -6e-08 | L6: =RANK(K6,$K$4:$K$34) -> 8
A7: Posição | B7: Técnico | C7: Qtde. Roteadores em Clientes | D7: Qtde. total entregue | E7: % Clientes | H7: =Técnicos!$C$8 -> Diego Ferreira Alves | I7: =SUMIFS('Controle de Entrega'!$E$6:$E$1575,'Controle de Entrega'!$N$6:$N$1575,H7,'Controle de Entrega'!$G$6:$G$1575,">="&$C$4,'Controle de Entrega'!$G$6:$G$1575,"<="&$E$4,'Controle de Entrega'!$I$6:$I$1575,"CLIENTE*") -> 4 | J7: =SUMIFS('Controle de Entrega'!$E$6:$E$1575,'Controle de Entrega'!$N$6:$N$1575,H7,'Controle de Entrega'!$G$6:$G$1575,">="&$C$4,'Controle de Entrega'!$G$6:$G$1575,"<="&$E$4) -> 7 | K7: =I7-ROW()/100000000 -> 3.9999999 | L7: =RANK(K7,$K$4:$K$34) -> 3
A8: 1 | B8: =IFERROR(INDEX($H$4:$H$34,MATCH($A8,$L$4:$L$34,0)),"") -> Carlos Eduardo Lima | C8: =IFERROR(INDEX($I$4:$I$34,MATCH($A8,$L$4:$L$34,0)),"") -> 5 | D8: =IFERROR(INDEX($J$4:$J$34,MATCH($A8,$L$4:$L$34,0)),"") -> 8 | E8: =IF($D8=0,"-",$C8/$D8) -> 0.625 | H8: =Técnicos!$C$9 -> Marcos Vinícius Rocha | I8: =SUMIFS('Controle de Entrega'!$E$6:$E$1575,'Controle de Entrega'!$N$6:$N$1575,H8,'Controle de Entrega'!$G$6:$G$1575,">="&$C$4,'Controle de Entrega'!$G$6:$G$1575,"<="&$E$4,'Controle de Entrega'!$I$6:$I$1575,"CLIENTE*") -> 2 | J8: =SUMIFS('Controle de Entrega'!$E$6:$E$1575,'Controle de Entrega'!$N$6:$N$1575,H8,'Controle de Entrega'!$G$6:$G$1575,">="&$C$4,'Controle de Entrega'!$G$6:$G$1575,"<="&$E$4) -> 3 | K8: =I8-ROW()/100000000 -> 1.9999999 | L8: =RANK(K8,$K$4:$K$34) -> 5
A9: 2 | B9: =IFERROR(INDEX($H$4:$H$34,MATCH($A9,$L$4:$L$34,0)),"") -> Felipe Augusto Nunes | C9: =IFERROR(INDEX($I$4:$I$34,MATCH($A9,$L$4:$L$34,0)),"") -> 5 | D9: =IFERROR(INDEX($J$4:$J$34,MATCH($A9,$L$4:$L$34,0)),"") -> 7 | E9: =IF($D9=0,"-",$C9/$D9) -> 0.71428571 | H9: =Técnicos!$C$10 -> Felipe Augusto Nunes | I9: =SUMIFS('Controle de Entrega'!$E$6:$E$1575,'Controle de Entrega'!$N$6:$N$1575,H9,'Controle de Entrega'!$G$6:$G$1575,">="&$C$4,'Controle de Entrega'!$G$6:$G$1575,"<="&$E$4,'Controle de Entrega'!$I$6:$I$1575,"CLIENTE*") -> 5 | J9: =SUMIFS('Controle de Entrega'!$E$6:$E$1575,'Controle de Entrega'!$N$6:$N$1575,H9,'Controle de Entrega'!$G$6:$G$1575,">="&$C$4,'Controle de Entrega'!$G$6:$G$1575,"<="&$E$4) -> 7 | K9: =I9-ROW()/100000000 -> 4.9999999 | L9: =RANK(K9,$K$4:$K$34) -> 2
A10: 3 | B10: =IFERROR(INDEX($H$4:$H$34,MATCH($A10,$L$4:$L$34,0)),"") -> Diego Ferreira Alves | C10: =IFERROR(INDEX($I$4:$I$34,MATCH($A10,$L$4:$L$34,0)),"") -> 4 | D10: =IFERROR(INDEX($J$4:$J$34,MATCH($A10,$L$4:$L$34,0)),"") -> 7 | E10: =IF($D10=0,"-",$C10/$D10) -> 0.57142857 | H10: =Técnicos!$C$11 -> Thiago Ramos Silva | I10: =SUMIFS('Controle de Entrega'!$E$6:$E$1575,'Controle de Entrega'!$N$6:$N$1575,H10,'Controle de Entrega'!$G$6:$G$1575,">="&$C$4,'Controle de Entrega'!$G$6:$G$1575,"<="&$E$4,'Controle de Entrega'!$I$6:$I$1575,"CLIENTE*") -> 1 | J10: =SUMIFS('Controle de Entrega'!$E$6:$E$1575,'Controle de Entrega'!$N$6:$N$1575,H10,'Controle de Entrega'!$G$6:$G$1575,">="&$C$4,'Controle de Entrega'!$G$6:$G$1575,"<="&$E$4) -> 2 | K10: =I10-ROW()/100000000 -> 0.9999999 | L10: =RANK(K10,$K$4:$K$34) -> 7
A11: 4 | B11: =IFERROR(INDEX($H$4:$H$34,MATCH($A11,$L$4:$L$34,0)),"") -> Rafael Souza Martins | C11: =IFERROR(INDEX($I$4:$I$34,MATCH($A11,$L$4:$L$34,0)),"") -> 3 | D11: =IFERROR(INDEX($J$4:$J$34,MATCH($A11,$L$4:$L$34,0)),"") -> 7 | E11: =IF($D11=0,"-",$C11/$D11) -> 0.42857143 | H11: =Técnicos!$C$12 -> Lucas Pereira Gomes | I11: =SUMIFS('Controle de Entrega'!$E$6:$E$1575,'Controle de Entrega'!$N$6:$N$1575,H11,'Controle de Entrega'!$G$6:$G$1575,">="&$C$4,'Controle de Entrega'!$G$6:$G$1575,"<="&$E$4,'Controle de Entrega'!$I$6:$I$1575,"CLIENTE*") -> 2 | J11: =SUMIFS('Controle de Entrega'!$E$6:$E$1575,'Controle de Entrega'!$N$6:$N$1575,H11,'Controle de Entrega'!$G$6:$G$1575,">="&$C$4,'Controle de Entrega'!$G$6:$G$1575,"<="&$E$4) -> 3 | K11: =I11-ROW()/100000000 -> 1.9999999 | L11: =RANK(K11,$K$4:$K$34) -> 6
A12: 5 | B12: =IFERROR(INDEX($H$4:$H$34,MATCH($A12,$L$4:$L$34,0)),"") -> Marcos Vinícius Rocha | C12: =IFERROR(INDEX($I$4:$I$34,MATCH($A12,$L$4:$L$34,0)),"") -> 2 | D12: =IFERROR(INDEX($J$4:$J$34,MATCH($A12,$L$4:$L$34,0)),"") -> 3 | E12: =IF($D12=0,"-",$C12/$D12) -> 0.66666667 | H12: =Técnicos!$C$13 -> 0 | I12: =SUMIFS('Controle de Entrega'!$E$6:$E$1575,'Controle de Entrega'!$N$6:$N$1575,H12,'Controle de Entrega'!$G$6:$G$1575,">="&$C$4,'Controle de Entrega'!$G$6:$G$1575,"<="&$E$4,'Controle de Entrega'!$I$6:$I$1575,"CLIENTE*") -> 0 | J12: =SUMIFS('Controle de Entrega'!$E$6:$E$1575,'Controle de Entrega'!$N$6:$N$1575,H12,'Controle de Entrega'!$G$6:$G$1575,">="&$C$4,'Controle de Entrega'!$G$6:$G$1575,"<="&$E$4) -> 0 | K12: =I12-ROW()/100000000 -> -1.2e-07 | L12: =RANK(K12,$K$4:$K$34) -> 9
A13: 6 | B13: =IFERROR(INDEX($H$4:$H$34,MATCH($A13,$L$4:$L$34,0)),"") -> Lucas Pereira Gomes | C13: =IFERROR(INDEX($I$4:$I$34,MATCH($A13,$L$4:$L$34,0)),"") -> 2 | D13: =IFERROR(INDEX($J$4:$J$34,MATCH($A13,$L$4:$L$34,0)),"") -> 3 | E13: =IF($D13=0,"-",$C13/$D13) -> 0.66666667 | H13: =Técnicos!$C$14 -> 0 | I13: =SUMIFS('Controle de Entrega'!$E$6:$E$1575,'Controle de Entrega'!$N$6:$N$1575,H13,'Controle de Entrega'!$G$6:$G$1575,">="&$C$4,'Controle de Entrega'!$G$6:$G$1575,"<="&$E$4,'Controle de Entrega'!$I$6:$I$1575,"CLIENTE*") -> 0 | J13: =SUMIFS('Controle de Entrega'!$E$6:$E$1575,'Controle de Entrega'!$N$6:$N$1575,H13,'Controle de Entrega'!$G$6:$G$1575,">="&$C$4,'Controle de Entrega'!$G$6:$G$1575,"<="&$E$4) -> 0 | K13: =I13-ROW()/100000000 -> -1.3e-07 | L13: =RANK(K13,$K$4:$K$34) -> 10
A14: 7 | B14: =IFERROR(INDEX($H$4:$H$34,MATCH($A14,$L$4:$L$34,0)),"") -> Thiago Ramos Silva | C14: =IFERROR(INDEX($I$4:$I$34,MATCH($A14,$L$4:$L$34,0)),"") -> 1 | D14: =IFERROR(INDEX($J$4:$J$34,MATCH($A14,$L$4:$L$34,0)),"") -> 2 | E14: =IF($D14=0,"-",$C14/$D14) -> 0.5 | H14: =Técnicos!$C$15 -> 0 | I14: =SUMIFS('Controle de Entrega'!$E$6:$E$1575,'Controle de Entrega'!$N$6:$N$1575,H14,'Controle de Entrega'!$G$6:$G$1575,">="&$C$4,'Controle de Entrega'!$G$6:$G$1575,"<="&$E$4,'Controle de Entrega'!$I$6:$I$1575,"CLIENTE*") -> 0 | J14: =SUMIFS('Controle de Entrega'!$E$6:$E$1575,'Controle de Entrega'!$N$6:$N$1575,H14,'Controle de Entrega'!$G$6:$G$1575,">="&$C$4,'Controle de Entrega'!$G$6:$G$1575,"<="&$E$4) -> 0 | K14: =I14-ROW()/100000000 -> -1.4e-07 | L14: =RANK(K14,$K$4:$K$34) -> 11
A15: 8 | B15: =IFERROR(INDEX($H$4:$H$34,MATCH($A15,$L$4:$L$34,0)),"") -> Bruno Henrique Costa | C15: =IFERROR(INDEX($I$4:$I$34,MATCH($A15,$L$4:$L$34,0)),"") -> 0 | D15: =IFERROR(INDEX($J$4:$J$34,MATCH($A15,$L$4:$L$34,0)),"") -> 3 | E15: =IF($D15=0,"-",$C15/$D15) -> 0 | H15: =Técnicos!$C$16 -> 0 | I15: =SUMIFS('Controle de Entrega'!$E$6:$E$1575,'Controle de Entrega'!$N$6:$N$1575,H15,'Controle de Entrega'!$G$6:$G$1575,">="&$C$4,'Controle de Entrega'!$G$6:$G$1575,"<="&$E$4,'Controle de Entrega'!$I$6:$I$1575,"CLIENTE*") -> 0 | J15: =SUMIFS('Controle de Entrega'!$E$6:$E$1575,'Controle de Entrega'!$N$6:$N$1575,H15,'Controle de Entrega'!$G$6:$G$1575,">="&$C$4,'Controle de Entrega'!$G$6:$G$1575,"<="&$E$4) -> 0 | K15: =I15-ROW()/100000000 -> -1.5e-07 | L15: =RANK(K15,$K$4:$K$34) -> 12
A16: 9 | B16: =IFERROR(INDEX($H$4:$H$34,MATCH($A16,$L$4:$L$34,0)),"") -> 0 | C16: =IFERROR(INDEX($I$4:$I$34,MATCH($A16,$L$4:$L$34,0)),"") -> 0 | D16: =IFERROR(INDEX($J$4:$J$34,MATCH($A16,$L$4:$L$34,0)),"") -> 0 | E16: =IF($D16=0,"-",$C16/$D16) -> - | H16: =Técnicos!$C$17 -> 0 | I16: =SUMIFS('Controle de Entrega'!$E$6:$E$1575,'Controle de Entrega'!$N$6:$N$1575,H16,'Controle de Entrega'!$G$6:$G$1575,">="&$C$4,'Controle de Entrega'!$G$6:$G$1575,"<="&$E$4,'Controle de Entrega'!$I$6:$I$1575,"CLIENTE*") -> 0 | J16: =SUMIFS('Controle de Entrega'!$E$6:$E$1575,'Controle de Entrega'!$N$6:$N$1575,H16,'Controle de Entrega'!$G$6:$G$1575,">="&$C$4,'Controle de Entrega'!$G$6:$G$1575,"<="&$E$4) -> 0 | K16: =I16-ROW()/100000000 -> -1.6e-07 | L16: =RANK(K16,$K$4:$K$34) -> 13
A17: 10 | B17: =IFERROR(INDEX($H$4:$H$34,MATCH($A17,$L$4:$L$34,0)),"") -> 0 | C17: =IFERROR(INDEX($I$4:$I$34,MATCH($A17,$L$4:$L$34,0)),"") -> 0 | D17: =IFERROR(INDEX($J$4:$J$34,MATCH($A17,$L$4:$L$34,0)),"") -> 0 | E17: =IF($D17=0,"-",$C17/$D17) -> - | H17: =Técnicos!$C$18 -> 0 | I17: =SUMIFS('Controle de Entrega'!$E$6:$E$1575,'Controle de Entrega'!$N$6:$N$1575,H17,'Controle de Entrega'!$G$6:$G$1575,">="&$C$4,'Controle de Entrega'!$G$6:$G$1575,"<="&$E$4,'Controle de Entrega'!$I$6:$I$1575,"CLIENTE*") -> 0 | J17: =SUMIFS('Controle de Entrega'!$E$6:$E$1575,'Controle de Entrega'!$N$6:$N$1575,H17,'Controle de Entrega'!$G$6:$G$1575,">="&$C$4,'Controle de Entrega'!$G$6:$G$1575,"<="&$E$4) -> 0 | K17: =I17-ROW()/100000000 -> -1.7e-07 | L17: =RANK(K17,$K$4:$K$34) -> 14
A18: 11 | B18: =IFERROR(INDEX($H$4:$H$34,MATCH($A18,$L$4:$L$34,0)),"") -> 0 | C18: =IFERROR(INDEX($I$4:$I$34,MATCH($A18,$L$4:$L$34,0)),"") -> 0 | D18: =IFERROR(INDEX($J$4:$J$34,MATCH($A18,$L$4:$L$34,0)),"") -> 0 | E18: =IF($D18=0,"-",$C18/$D18) -> - | H18: =Técnicos!$C$19 -> 0 | I18: =SUMIFS('Controle de Entrega'!$E$6:$E$1575,'Controle de Entrega'!$N$6:$N$1575,H18,'Controle de Entrega'!$G$6:$G$1575,">="&$C$4,'Controle de Entrega'!$G$6:$G$1575,"<="&$E$4,'Controle de Entrega'!$I$6:$I$1575,"CLIENTE*") -> 0 | J18: =SUMIFS('Controle de Entrega'!$E$6:$E$1575,'Controle de Entrega'!$N$6:$N$1575,H18,'Controle de Entrega'!$G$6:$G$1575,">="&$C$4,'Controle de Entrega'!$G$6:$G$1575,"<="&$E$4) -> 0 | K18: =I18-ROW()/100000000 -> -1.8e-07 | L18: =RANK(K18,$K$4:$K$34) -> 15
A19: 12 | B19: =IFERROR(INDEX($H$4:$H$34,MATCH($A19,$L$4:$L$34,0)),"") -> 0 | C19: =IFERROR(INDEX($I$4:$I$34,MATCH($A19,$L$4:$L$34,0)),"") -> 0 | D19: =IFERROR(INDEX($J$4:$J$34,MATCH($A19,$L$4:$L$34,0)),"") -> 0 | E19: =IF($D19=0,"-",$C19/$D19) -> - | H19: =Técnicos!$C$20 -> 0 | I19: =SUMIFS('Controle de Entrega'!$E$6:$E$1575,'Controle de Entrega'!$N$6:$N$1575,H19,'Controle de Entrega'!$G$6:$G$1575,">="&$C$4,'Controle de Entrega'!$G$6:$G$1575,"<="&$E$4,'Controle de Entrega'!$I$6:$I$1575,"CLIENTE*") -> 0 | J19: =SUMIFS('Controle de Entrega'!$E$6:$E$1575,'Controle de Entrega'!$N$6:$N$1575,H19,'Controle de Entrega'!$G$6:$G$1575,">="&$C$4,'Controle de Entrega'!$G$6:$G$1575,"<="&$E$4) -> 0 | K19: =I19-ROW()/100000000 -> -1.9e-07 | L19: =RANK(K19,$K$4:$K$34) -> 16
A20: 13 | B20: =IFERROR(INDEX($H$4:$H$34,MATCH($A20,$L$4:$L$34,0)),"") -> 0 | C20: =IFERROR(INDEX($I$4:$I$34,MATCH($A20,$L$4:$L$34,0)),"") -> 0 | D20: =IFERROR(INDEX($J$4:$J$34,MATCH($A20,$L$4:$L$34,0)),"") -> 0 | E20: =IF($D20=0,"-",$C20/$D20) -> - | H20: =Técnicos!$C$21 -> 0 | I20: =SUMIFS('Controle de Entrega'!$E$6:$E$1575,'Controle de Entrega'!$N$6:$N$1575,H20,'Controle de Entrega'!$G$6:$G$1575,">="&$C$4,'Controle de Entrega'!$G$6:$G$1575,"<="&$E$4,'Controle de Entrega'!$I$6:$I$1575,"CLIENTE*") -> 0 | J20: =SUMIFS('Controle de Entrega'!$E$6:$E$1575,'Controle de Entrega'!$N$6:$N$1575,H20,'Controle de Entrega'!$G$6:$G$1575,">="&$C$4,'Controle de Entrega'!$G$6:$G$1575,"<="&$E$4) -> 0 | K20: =I20-ROW()/100000000 -> -2e-07 | L20: =RANK(K20,$K$4:$K$34) -> 17
A21: 14 | B21: =IFERROR(INDEX($H$4:$H$34,MATCH($A21,$L$4:$L$34,0)),"") -> 0 | C21: =IFERROR(INDEX($I$4:$I$34,MATCH($A21,$L$4:$L$34,0)),"") -> 0 | D21: =IFERROR(INDEX($J$4:$J$34,MATCH($A21,$L$4:$L$34,0)),"") -> 0 | E21: =IF($D21=0,"-",$C21/$D21) -> - | H21: =Técnicos!$C$22 -> 0 | I21: =SUMIFS('Controle de Entrega'!$E$6:$E$1575,'Controle de Entrega'!$N$6:$N$1575,H21,'Controle de Entrega'!$G$6:$G$1575,">="&$C$4,'Controle de Entrega'!$G$6:$G$1575,"<="&$E$4,'Controle de Entrega'!$I$6:$I$1575,"CLIENTE*") -> 0 | J21: =SUMIFS('Controle de Entrega'!$E$6:$E$1575,'Controle de Entrega'!$N$6:$N$1575,H21,'Controle de Entrega'!$G$6:$G$1575,">="&$C$4,'Controle de Entrega'!$G$6:$G$1575,"<="&$E$4) -> 0 | K21: =I21-ROW()/100000000 -> -2.1e-07 | L21: =RANK(K21,$K$4:$K$34) -> 18
A22: 15 | B22: =IFERROR(INDEX($H$4:$H$34,MATCH($A22,$L$4:$L$34,0)),"") -> 0 | C22: =IFERROR(INDEX($I$4:$I$34,MATCH($A22,$L$4:$L$34,0)),"") -> 0 | D22: =IFERROR(INDEX($J$4:$J$34,MATCH($A22,$L$4:$L$34,0)),"") -> 0 | E22: =IF($D22=0,"-",$C22/$D22) -> - | H22: =Técnicos!$C$23 -> 0 | I22: =SUMIFS('Controle de Entrega'!$E$6:$E$1575,'Controle de Entrega'!$N$6:$N$1575,H22,'Controle de Entrega'!$G$6:$G$1575,">="&$C$4,'Controle de Entrega'!$G$6:$G$1575,"<="&$E$4,'Controle de Entrega'!$I$6:$I$1575,"CLIENTE*") -> 0 | J22: =SUMIFS('Controle de Entrega'!$E$6:$E$1575,'Controle de Entrega'!$N$6:$N$1575,H22,'Controle de Entrega'!$G$6:$G$1575,">="&$C$4,'Controle de Entrega'!$G$6:$G$1575,"<="&$E$4) -> 0 | K22: =I22-ROW()/100000000 -> -2.2e-07 | L22: =RANK(K22,$K$4:$K$34) -> 19
A23: 16 | B23: =IFERROR(INDEX($H$4:$H$34,MATCH($A23,$L$4:$L$34,0)),"") -> 0 | C23: =IFERROR(INDEX($I$4:$I$34,MATCH($A23,$L$4:$L$34,0)),"") -> 0 | D23: =IFERROR(INDEX($J$4:$J$34,MATCH($A23,$L$4:$L$34,0)),"") -> 0 | E23: =IF($D23=0,"-",$C23/$D23) -> - | H23: =Técnicos!$C$24 -> 0 | I23: =SUMIFS('Controle de Entrega'!$E$6:$E$1575,'Controle de Entrega'!$N$6:$N$1575,H23,'Controle de Entrega'!$G$6:$G$1575,">="&$C$4,'Controle de Entrega'!$G$6:$G$1575,"<="&$E$4,'Controle de Entrega'!$I$6:$I$1575,"CLIENTE*") -> 0 | J23: =SUMIFS('Controle de Entrega'!$E$6:$E$1575,'Controle de Entrega'!$N$6:$N$1575,H23,'Controle de Entrega'!$G$6:$G$1575,">="&$C$4,'Controle de Entrega'!$G$6:$G$1575,"<="&$E$4) -> 0 | K23: =I23-ROW()/100000000 -> -2.3e-07 | L23: =RANK(K23,$K$4:$K$34) -> 20
A24: 17 | B24: =IFERROR(INDEX($H$4:$H$34,MATCH($A24,$L$4:$L$34,0)),"") -> 0 | C24: =IFERROR(INDEX($I$4:$I$34,MATCH($A24,$L$4:$L$34,0)),"") -> 0 | D24: =IFERROR(INDEX($J$4:$J$34,MATCH($A24,$L$4:$L$34,0)),"") -> 0 | E24: =IF($D24=0,"-",$C24/$D24) -> - | H24: =Técnicos!$C$25 -> 0 | I24: =SUMIFS('Controle de Entrega'!$E$6:$E$1575,'Controle de Entrega'!$N$6:$N$1575,H24,'Controle de Entrega'!$G$6:$G$1575,">="&$C$4,'Controle de Entrega'!$G$6:$G$1575,"<="&$E$4,'Controle de Entrega'!$I$6:$I$1575,"CLIENTE*") -> 0 | J24: =SUMIFS('Controle de Entrega'!$E$6:$E$1575,'Controle de Entrega'!$N$6:$N$1575,H24,'Controle de Entrega'!$G$6:$G$1575,">="&$C$4,'Controle de Entrega'!$G$6:$G$1575,"<="&$E$4) -> 0 | K24: =I24-ROW()/100000000 -> -2.4e-07 | L24: =RANK(K24,$K$4:$K$34) -> 21
A25: 18 | B25: =IFERROR(INDEX($H$4:$H$34,MATCH($A25,$L$4:$L$34,0)),"") -> 0 | C25: =IFERROR(INDEX($I$4:$I$34,MATCH($A25,$L$4:$L$34,0)),"") -> 0 | D25: =IFERROR(INDEX($J$4:$J$34,MATCH($A25,$L$4:$L$34,0)),"") -> 0 | E25: =IF($D25=0,"-",$C25/$D25) -> - | H25: =Técnicos!$C$26 -> 0 | I25: =SUMIFS('Controle de Entrega'!$E$6:$E$1575,'Controle de Entrega'!$N$6:$N$1575,H25,'Controle de Entrega'!$G$6:$G$1575,">="&$C$4,'Controle de Entrega'!$G$6:$G$1575,"<="&$E$4,'Controle de Entrega'!$I$6:$I$1575,"CLIENTE*") -> 0 | J25: =SUMIFS('Controle de Entrega'!$E$6:$E$1575,'Controle de Entrega'!$N$6:$N$1575,H25,'Controle de Entrega'!$G$6:$G$1575,">="&$C$4,'Controle de Entrega'!$G$6:$G$1575,"<="&$E$4) -> 0 | K25: =I25-ROW()/100000000 -> -2.5e-07 | L25: =RANK(K25,$K$4:$K$34) -> 22
A26: 19 | B26: =IFERROR(INDEX($H$4:$H$34,MATCH($A26,$L$4:$L$34,0)),"") -> 0 | C26: =IFERROR(INDEX($I$4:$I$34,MATCH($A26,$L$4:$L$34,0)),"") -> 0 | D26: =IFERROR(INDEX($J$4:$J$34,MATCH($A26,$L$4:$L$34,0)),"") -> 0 | E26: =IF($D26=0,"-",$C26/$D26) -> - | H26: =Técnicos!$C$27 -> 0 | I26: =SUMIFS('Controle de Entrega'!$E$6:$E$1575,'Controle de Entrega'!$N$6:$N$1575,H26,'Controle de Entrega'!$G$6:$G$1575,">="&$C$4,'Controle de Entrega'!$G$6:$G$1575,"<="&$E$4,'Controle de Entrega'!$I$6:$I$1575,"CLIENTE*") -> 0 | J26: =SUMIFS('Controle de Entrega'!$E$6:$E$1575,'Controle de Entrega'!$N$6:$N$1575,H26,'Controle de Entrega'!$G$6:$G$1575,">="&$C$4,'Controle de Entrega'!$G$6:$G$1575,"<="&$E$4) -> 0 | K26: =I26-ROW()/100000000 -> -2.6e-07 | L26: =RANK(K26,$K$4:$K$34) -> 23
A27: 20 | B27: =IFERROR(INDEX($H$4:$H$34,MATCH($A27,$L$4:$L$34,0)),"") -> 0 | C27: =IFERROR(INDEX($I$4:$I$34,MATCH($A27,$L$4:$L$34,0)),"") -> 0 | D27: =IFERROR(INDEX($J$4:$J$34,MATCH($A27,$L$4:$L$34,0)),"") -> 0 | E27: =IF($D27=0,"-",$C27/$D27) -> - | H27: =Técnicos!$C$28 -> 0 | I27: =SUMIFS('Controle de Entrega'!$E$6:$E$1575,'Controle de Entrega'!$N$6:$N$1575,H27,'Controle de Entrega'!$G$6:$G$1575,">="&$C$4,'Controle de Entrega'!$G$6:$G$1575,"<="&$E$4,'Controle de Entrega'!$I$6:$I$1575,"CLIENTE*") -> 0 | J27: =SUMIFS('Controle de Entrega'!$E$6:$E$1575,'Controle de Entrega'!$N$6:$N$1575,H27,'Controle de Entrega'!$G$6:$G$1575,">="&$C$4,'Controle de Entrega'!$G$6:$G$1575,"<="&$E$4) -> 0 | K27: =I27-ROW()/100000000 -> -2.7e-07 | L27: =RANK(K27,$K$4:$K$34) -> 24
A28: 21 | B28: =IFERROR(INDEX($H$4:$H$34,MATCH($A28,$L$4:$L$34,0)),"") -> 0 | C28: =IFERROR(INDEX($I$4:$I$34,MATCH($A28,$L$4:$L$34,0)),"") -> 0 | D28: =IFERROR(INDEX($J$4:$J$34,MATCH($A28,$L$4:$L$34,0)),"") -> 0 | E28: =IF($D28=0,"-",$C28/$D28) -> - | H28: =Técnicos!$C$29 -> 0 | I28: =SUMIFS('Controle de Entrega'!$E$6:$E$1575,'Controle de Entrega'!$N$6:$N$1575,H28,'Controle de Entrega'!$G$6:$G$1575,">="&$C$4,'Controle de Entrega'!$G$6:$G$1575,"<="&$E$4,'Controle de Entrega'!$I$6:$I$1575,"CLIENTE*") -> 0 | J28: =SUMIFS('Controle de Entrega'!$E$6:$E$1575,'Controle de Entrega'!$N$6:$N$1575,H28,'Controle de Entrega'!$G$6:$G$1575,">="&$C$4,'Controle de Entrega'!$G$6:$G$1575,"<="&$E$4) -> 0 | K28: =I28-ROW()/100000000 -> -2.8e-07 | L28: =RANK(K28,$K$4:$K$34) -> 25
A29: 22 | B29: =IFERROR(INDEX($H$4:$H$34,MATCH($A29,$L$4:$L$34,0)),"") -> 0 | C29: =IFERROR(INDEX($I$4:$I$34,MATCH($A29,$L$4:$L$34,0)),"") -> 0 | D29: =IFERROR(INDEX($J$4:$J$34,MATCH($A29,$L$4:$L$34,0)),"") -> 0 | E29: =IF($D29=0,"-",$C29/$D29) -> - | H29: =Técnicos!$C$30 -> 0 | I29: =SUMIFS('Controle de Entrega'!$E$6:$E$1575,'Controle de Entrega'!$N$6:$N$1575,H29,'Controle de Entrega'!$G$6:$G$1575,">="&$C$4,'Controle de Entrega'!$G$6:$G$1575,"<="&$E$4,'Controle de Entrega'!$I$6:$I$1575,"CLIENTE*") -> 0 | J29: =SUMIFS('Controle de Entrega'!$E$6:$E$1575,'Controle de Entrega'!$N$6:$N$1575,H29,'Controle de Entrega'!$G$6:$G$1575,">="&$C$4,'Controle de Entrega'!$G$6:$G$1575,"<="&$E$4) -> 0 | K29: =I29-ROW()/100000000 -> -2.9e-07 | L29: =RANK(K29,$K$4:$K$34) -> 26
A30: 23 | B30: =IFERROR(INDEX($H$4:$H$34,MATCH($A30,$L$4:$L$34,0)),"") -> 0 | C30: =IFERROR(INDEX($I$4:$I$34,MATCH($A30,$L$4:$L$34,0)),"") -> 0 | D30: =IFERROR(INDEX($J$4:$J$34,MATCH($A30,$L$4:$L$34,0)),"") -> 0 | E30: =IF($D30=0,"-",$C30/$D30) -> - | H30: =Técnicos!$C$31 -> 0 | I30: =SUMIFS('Controle de Entrega'!$E$6:$E$1575,'Controle de Entrega'!$N$6:$N$1575,H30,'Controle de Entrega'!$G$6:$G$1575,">="&$C$4,'Controle de Entrega'!$G$6:$G$1575,"<="&$E$4,'Controle de Entrega'!$I$6:$I$1575,"CLIENTE*") -> 0 | J30: =SUMIFS('Controle de Entrega'!$E$6:$E$1575,'Controle de Entrega'!$N$6:$N$1575,H30,'Controle de Entrega'!$G$6:$G$1575,">="&$C$4,'Controle de Entrega'!$G$6:$G$1575,"<="&$E$4) -> 0 | K30: =I30-ROW()/100000000 -> -3e-07 | L30: =RANK(K30,$K$4:$K$34) -> 27
A31: 24 | B31: =IFERROR(INDEX($H$4:$H$34,MATCH($A31,$L$4:$L$34,0)),"") -> 0 | C31: =IFERROR(INDEX($I$4:$I$34,MATCH($A31,$L$4:$L$34,0)),"") -> 0 | D31: =IFERROR(INDEX($J$4:$J$34,MATCH($A31,$L$4:$L$34,0)),"") -> 0 | E31: =IF($D31=0,"-",$C31/$D31) -> - | H31: =Técnicos!$C$32 -> 0 | I31: =SUMIFS('Controle de Entrega'!$E$6:$E$1575,'Controle de Entrega'!$N$6:$N$1575,H31,'Controle de Entrega'!$G$6:$G$1575,">="&$C$4,'Controle de Entrega'!$G$6:$G$1575,"<="&$E$4,'Controle de Entrega'!$I$6:$I$1575,"CLIENTE*") -> 0 | J31: =SUMIFS('Controle de Entrega'!$E$6:$E$1575,'Controle de Entrega'!$N$6:$N$1575,H31,'Controle de Entrega'!$G$6:$G$1575,">="&$C$4,'Controle de Entrega'!$G$6:$G$1575,"<="&$E$4) -> 0 | K31: =I31-ROW()/100000000 -> -3.1e-07 | L31: =RANK(K31,$K$4:$K$34) -> 28
A32: 25 | B32: =IFERROR(INDEX($H$4:$H$34,MATCH($A32,$L$4:$L$34,0)),"") -> 0 | C32: =IFERROR(INDEX($I$4:$I$34,MATCH($A32,$L$4:$L$34,0)),"") -> 0 | D32: =IFERROR(INDEX($J$4:$J$34,MATCH($A32,$L$4:$L$34,0)),"") -> 0 | E32: =IF($D32=0,"-",$C32/$D32) -> - | H32: =Técnicos!$C$33 -> 0 | I32: =SUMIFS('Controle de Entrega'!$E$6:$E$1575,'Controle de Entrega'!$N$6:$N$1575,H32,'Controle de Entrega'!$G$6:$G$1575,">="&$C$4,'Controle de Entrega'!$G$6:$G$1575,"<="&$E$4,'Controle de Entrega'!$I$6:$I$1575,"CLIENTE*") -> 0 | J32: =SUMIFS('Controle de Entrega'!$E$6:$E$1575,'Controle de Entrega'!$N$6:$N$1575,H32,'Controle de Entrega'!$G$6:$G$1575,">="&$C$4,'Controle de Entrega'!$G$6:$G$1575,"<="&$E$4) -> 0 | K32: =I32-ROW()/100000000 -> -3.2e-07 | L32: =RANK(K32,$K$4:$K$34) -> 29
A33: 26 | B33: =IFERROR(INDEX($H$4:$H$34,MATCH($A33,$L$4:$L$34,0)),"") -> 0 | C33: =IFERROR(INDEX($I$4:$I$34,MATCH($A33,$L$4:$L$34,0)),"") -> 0 | D33: =IFERROR(INDEX($J$4:$J$34,MATCH($A33,$L$4:$L$34,0)),"") -> 0 | E33: =IF($D33=0,"-",$C33/$D33) -> - | H33: =Técnicos!$C$34 -> 0 | I33: =SUMIFS('Controle de Entrega'!$E$6:$E$1575,'Controle de Entrega'!$N$6:$N$1575,H33,'Controle de Entrega'!$G$6:$G$1575,">="&$C$4,'Controle de Entrega'!$G$6:$G$1575,"<="&$E$4,'Controle de Entrega'!$I$6:$I$1575,"CLIENTE*") -> 0 | J33: =SUMIFS('Controle de Entrega'!$E$6:$E$1575,'Controle de Entrega'!$N$6:$N$1575,H33,'Controle de Entrega'!$G$6:$G$1575,">="&$C$4,'Controle de Entrega'!$G$6:$G$1575,"<="&$E$4) -> 0 | K33: =I33-ROW()/100000000 -> -3.3e-07 | L33: =RANK(K33,$K$4:$K$34) -> 30
A34: 27 | B34: =IFERROR(INDEX($H$4:$H$34,MATCH($A34,$L$4:$L$34,0)),"") -> 0 | C34: =IFERROR(INDEX($I$4:$I$34,MATCH($A34,$L$4:$L$34,0)),"") -> 0 | D34: =IFERROR(INDEX($J$4:$J$34,MATCH($A34,$L$4:$L$34,0)),"") -> 0 | E34: =IF($D34=0,"-",$C34/$D34) -> - | H34: =Técnicos!$C$35 -> 0 | I34: =SUMIFS('Controle de Entrega'!$E$6:$E$1575,'Controle de Entrega'!$N$6:$N$1575,H34,'Controle de Entrega'!$G$6:$G$1575,">="&$C$4,'Controle de Entrega'!$G$6:$G$1575,"<="&$E$4,'Controle de Entrega'!$I$6:$I$1575,"CLIENTE*") -> 0 | J34: =SUMIFS('Controle de Entrega'!$E$6:$E$1575,'Controle de Entrega'!$N$6:$N$1575,H34,'Controle de Entrega'!$G$6:$G$1575,">="&$C$4,'Controle de Entrega'!$G$6:$G$1575,"<="&$E$4) -> 0 | K34: =I34-ROW()/100000000 -> -3.4e-07 | L34: =RANK(K34,$K$4:$K$34) -> 31
A35: 28 | B35: =IFERROR(INDEX($H$4:$H$34,MATCH($A35,$L$4:$L$34,0)),"") -> 0 | C35: =IFERROR(INDEX($I$4:$I$34,MATCH($A35,$L$4:$L$34,0)),"") -> 0 | D35: =IFERROR(INDEX($J$4:$J$34,MATCH($A35,$L$4:$L$34,0)),"") -> 0 | E35: =IF($D35=0,"-",$C35/$D35) -> -
A36: 29 | B36: =IFERROR(INDEX($H$4:$H$34,MATCH($A36,$L$4:$L$34,0)),"") -> 0 | C36: =IFERROR(INDEX($I$4:$I$34,MATCH($A36,$L$4:$L$34,0)),"") -> 0 | D36: =IFERROR(INDEX($J$4:$J$34,MATCH($A36,$L$4:$L$34,0)),"") -> 0 | E36: =IF($D36=0,"-",$C36/$D36) -> -
A37: 30 | B37: =IFERROR(INDEX($H$4:$H$34,MATCH($A37,$L$4:$L$34,0)),"") -> 0 | C37: =IFERROR(INDEX($I$4:$I$34,MATCH($A37,$L$4:$L$34,0)),"") -> 0 | D37: =IFERROR(INDEX($J$4:$J$34,MATCH($A37,$L$4:$L$34,0)),"") -> 0 | E37: =IF($D37=0,"-",$C37/$D37) -> -
A38: 31 | B38: =IFERROR(INDEX($H$4:$H$34,MATCH($A38,$L$4:$L$34,0)),"") -> 0 | C38: =IFERROR(INDEX($I$4:$I$34,MATCH($A38,$L$4:$L$34,0)),"") -> 0 | D38: =IFERROR(INDEX($J$4:$J$34,MATCH($A38,$L$4:$L$34,0)),"") -> 0 | E38: =IF($D38=0,"-",$C38/$D38) -> -

Sheet Catálogo_Itens
A1: Nº do item | B1: Descrição do item | D1: Descrição única (equipamento)
A2: I00468 | B2: ROTEADOR TP-LINK WIRELESS AC1200 ARCHER C5W GIGABIT DUAL BAND | D2: FIBERHOME ONU HG6143D GPON WI-FI AC 1200M
A3: I01335 | B3: REPETIDOR DE SINAL TP-LINK RE305 | D3: FIBRA
A4: I03340 | B4: HG8245W5-6T GPON 1G Terminal,SC/APC | D4: ONT ECHOLIFE HG8145V5 GPON/EPON SC/APC
A5: I03380 | B5: ONT NOKIA 1425-GA | D5: ONT NOKIA 1425-GA
A6: I03443 | B6: ONU GPON ZTE F670L - WIFI AC1200 MBPS 2X2 COM 2 ANTENAS | D6: ONT TP-LINK XX230V WIFI 6 AX1800 SEMINOVA
A7: I04326 | B7: WDC ONT NOKIA 1425-GA | D7: ONU GPON ZTE F6600P AX18000 DUAL-BAND WIFI 6 SEMINOVO
A8: I04340 | B8: ONU GPON ZTE F6600P AX3000 DUAL-BAND WIFI 6 | D8: ROTEADOR TP-LINK WIRELESS AC1200 ARCHER C5W GIGABIT DUAL BAND
A9: I04549 | B9: ONU GPON ZTE F6600P AX18000 DUAL-BAND WIFI 6 | D9: ROTEADOR VIA REAL
A10: I04693 | B10: ONT GPON ZYXEL PX3321-T1 AX3000 WIFI 6 | D10: ONT GPON ZYXEL PX3321-T1 AX3000 WIFI 6 SEMINOVO
A11: I04694 | B11: ROTEADOR MESH ZYXEL EX3320-T1 AX3000 WIFI 6 | D11: ONU GPON ZTE F670L - WIFI AC1200 MBPS 2X2 COM 2 ANTENAS
A12: I04705 | B12: Mesh ZTE H3601PI AX3000 Wi-Fi 6 | D12: REPETIDOR DE SINAL TP-LINK RE305
... A41: SMI2763 | B41: FIBERHOME ONU HG6143D GPON WI-FI AC 1200M | D41: GPON ONT ANATEL
D42: GPON ONT VIAREAL
D43: GPON ONU FIBER HOME MODEL AN5506
D44: GPON ONU FIBERHOME AN5506-04
D45: FIBERHOME ONU HG6143D GPON WI-FI AC 1200M / ENTREGOU EQUIPAMENTO DANIFICADO POR CLIENTE
D46: TP LINK AC750
D47: GPON VIAREAL
D48: FIBERHOME AN5506-04
D49: 1 GPON ONT ANATEL
D50: MESH HUAWEI K562 AX3000
D51: ONU EPON WIFI COMPLETA
D52: ONU GPON ZTE F6600P AX18000 DUAL-BAND WIFI 6
D53: GPON INTELBRAS WRN150
... D67: 1GE GPON ONT ( MAC COM DIFICULDADE DE LEITURA

Sheet Controle de Entrega
A1: CONTROLE DE ENTREGA DE EQUIPAMENTOS
A2: Linhas 5 até o fim do histórico: dados importados da planilha original. A partir da linha marcada 'NOVOS REGISTROS', preencha apenas as células amarelas (Nº do item, Nº de série, Quantidade, Técnico, Entrega, Documento, Observação) — 'Posição no depósito' e 'Descrição do item' são preenchidos automaticamente a partir das abas Técnicos e Catálogo_Itens.
A5: Posição no depósito | B5: Nº do item | C5: Descrição do item | D5: Nº de série | E5: Quantidade do item | F5: Técnico | G5: ENTREGA | H5: Nº DOCUMENTO | I5: OBSERVAÇÃO | J5: Ordem (aux. Consulta) | K5: Ordem (aux. Consulta Equip.) | L5: Ordem (aux. Consulta Série) | M5: Ordem (aux. Comprovante) | N5: Técnico (Normalizado)
A6: DEV06-1002 | B6: I00468 | C6: ROTEADOR TP-LINK WIRELESS AC1200 ARCHER C5W GIGABIT DUAL BAND | D6: FHTT46913810 | E6: 1 | F6: Rafael Souza Martins | G6: 46120 | H6: 2400000 | I6: CLIENTE | J6: =IF($N6="","",IF(AND($N6=Consulta!$C$3,$G6<>"",$G6>=Consulta!$C$4,$G6<=Consulta!$C$5),COUNTIFS($N$6:$N6,Consulta!$C$3,$G$6:$G6,">="&Consulta!$C$4,$G$6:$G6,"<="&Consulta!$C$5),"")) | K6: =IF($C6="","",IF(AND($C6=Consulta!$L$3,$G6<>"",$G6>=Consulta!$L$4,$G6<=Consulta!$L$5),COUNTIFS($C$6:$C6,Consulta!$L$3,$G$6:$G6,">="&Consulta!$L$4,$G$6:$G6,"<="&Consulta!$L$5),"")) | L6: =IF($D6="","",IF($D6=Consulta!$S$3,COUNTIF($D$6:$D6,Consulta!$S$3),"")) -> 1 | M6: =IF($N6="","",IF(AND($N6='Comprovante DEV'!$D$6,$G6='Comprovante DEV'!$D$7),COUNTIFS($N$6:$N6,'Comprovante DEV'!$D$6,$G$6:$G6,'Comprovante DEV'!$D$7),"")) | N6: =IF($F6="","",IFERROR(VLOOKUP($F6,Apelidos_Tecnico!$A:$B,2,0),$F6)) -> Rafael Souza Martins
A7: DEV06-1002 | B7: I04693 | C7: ONT GPON ZYXEL PX3321-T1 AX3000 WIFI 6 | D7: FHTT21668732 | E7: 1 | F7: Rafael Souza Martins | G7: 46131 | H7: 2400001 | J7: =IF($N7="","",IF(AND($N7=Consulta!$C$3,$G7<>"",$G7>=Consulta!$C$4,$G7<=Consulta!$C$5),COUNTIFS($N$6:$N7,Consulta!$C$3,$G$6:$G7,">="&Consulta!$C$4,$G$6:$G7,"<="&Consulta!$C$5),"")) | K7: =IF($C7="","",IF(AND($C7=Consulta!$L$3,$G7<>"",$G7>=Consulta!$L$4,$G7<=Consulta!$L$5),COUNTIFS($C$6:$C7,Consulta!$L$3,$G$6:$G7,">="&Consulta!$L$4,$G$6:$G7,"<="&Consulta!$L$5),"")) | L7: =IF($D7="","",IF($D7=Consulta!$S$3,COUNTIF($D$6:$D7,Consulta!$S$3),"")) | M7: =IF($N7="","",IF(AND($N7='Comprovante DEV'!$D$6,$G7='Comprovante DEV'!$D$7),COUNTIFS($N$6:$N7,'Comprovante DEV'!$D$6,$G$6:$G7,'Comprovante DEV'!$D$7),"")) | N7: =IF($F7="","",IFERROR(VLOOKUP($F7,Apelidos_Tecnico!$A:$B,2,0),$F7)) -> Rafael Souza Martins
A8: DEV06-1001 | B8: I00468 | C8: ROTEADOR TP-LINK WIRELESS AC1200 ARCHER C5W GIGABIT DUAL BAND | D8: FHTT39345092 | E8: 1 | F8: Carlos Eduardo Lima | G8: 46120 | H8: 2400002 | J8: =IF($N8="","",IF(AND($N8=Consulta!$C$3,$G8<>"",$G8>=Consulta!$C$4,$G8<=Consulta!$C$5),COUNTIFS($N$6:$N8,Consulta!$C$3,$G$6:$G8,">="&Consulta!$C$4,$G$6:$G8,"<="&Consulta!$C$5),"")) -> 1 | K8: =IF($C8="","",IF(AND($C8=Consulta!$L$3,$G8<>"",$G8>=Consulta!$L$4,$G8<=Consulta!$L$5),COUNTIFS($C$6:$C8,Consulta!$L$3,$G$6:$G8,">="&Consulta!$L$4,$G$6:$G8,"<="&Consulta!$L$5),"")) | L8: =IF($D8="","",IF($D8=Consulta!$S$3,COUNTIF($D$6:$D8,Consulta!$S$3),"")) | M8: =IF($N8="","",IF(AND($N8='Comprovante DEV'!$D$6,$G8='Comprovante DEV'!$D$7),COUNTIFS($N$6:$N8,'Comprovante DEV'!$D$6,$G$6:$G8,'Comprovante DEV'!$D$7),"")) | N8: =IF($F8="","",IFERROR(VLOOKUP($F8,Apelidos_Tecnico!$A:$B,2,0),$F8)) -> Carlos Eduardo Lima
A9: DEV06-1001 | B9: I04693 | C9: ONT GPON ZYXEL PX3321-T1 AX3000 WIFI 6 | D9: FHTT36687537 | E9: 1 | F9: Carlos Eduardo Lima | G9: 46135 | H9: 2400003 | J9: =IF($N9="","",IF(AND($N9=Consulta!$C$3,$G9<>"",$G9>=Consulta!$C$4,$G9<=Consulta!$C$5),COUNTIFS($N$6:$N9,Consulta!$C$3,$G$6:$G9,">="&Consulta!$C$4,$G$6:$G9,"<="&Consulta!$C$5),"")) -> 2 | K9: =IF($C9="","",IF(AND($C9=Consulta!$L$3,$G9<>"",$G9>=Consulta!$L$4,$G9<=Consulta!$L$5),COUNTIFS($C$6:$C9,Consulta!$L$3,$G$6:$G9,">="&Consulta!$L$4,$G$6:$G9,"<="&Consulta!$L$5),"")) | L9: =IF($D9="","",IF($D9=Consulta!$S$3,COUNTIF($D$6:$D9,Consulta!$S$3),"")) | M9: =IF($N9="","",IF(AND($N9='Comprovante DEV'!$D$6,$G9='Comprovante DEV'!$D$7),COUNTIFS($N$6:$N9,'Comprovante DEV'!$D$6,$G$6:$G9,'Comprovante DEV'!$D$7),"")) | N9: =IF($F9="","",IFERROR(VLOOKUP($F9,Apelidos_Tecnico!$A:$B,2,0),$F9)) -> Carlos Eduardo Lima
A10: DEV06-1003 | B10: I01335 | C10: REPETIDOR DE SINAL TP-LINK RE305 | D10: FHTT70291817 | E10: 1 | F10: MAXIMA-THIAGO RAMOS SILVA | G10: 46131 | H10: 2400004 | I10: CLIENTE | J10: =IF($N10="","",IF(AND($N10=Consulta!$C$3,$G10<>"",$G10>=Consulta!$C$4,$G10<=Consulta!$C$5),COUNTIFS($N$6:$N10,Consulta!$C$3,$G$6:$G10,">="&Consulta!$C$4,$G$6:$G10,"<="&Consulta!$C$5),"")) | K10: =IF($C10="","",IF(AND($C10=Consulta!$L$3,$G10<>"",$G10>=Consulta!$L$4,$G10<=Consulta!$L$5),COUNTIFS($C$6:$C10,Consulta!$L$3,$G$6:$G10,">="&Consulta!$L$4,$G$6:$G10,"<="&Consulta!$L$5),"")) | L10: =IF($D10="","",IF($D10=Consulta!$S$3,COUNTIF($D$6:$D10,Consulta!$S$3),"")) | M10: =IF($N10="","",IF(AND($N10='Comprovante DEV'!$D$6,$G10='Comprovante DEV'!$D$7),COUNTIFS($N$6:$N10,'Comprovante DEV'!$D$6,$G$6:$G10,'Comprovante DEV'!$D$7),"")) | N10: =IF($F10="","",IFERROR(VLOOKUP($F10,Apelidos_Tecnico!$A:$B,2,0),$F10)) -> Thiago Ramos Silva
A11: DEV06-1001 | B11: I01335 | C11: REPETIDOR DE SINAL TP-LINK RE305 | D11: FHTT66722344 | E11: 1 | F11: Carlos Eduardo Lima | G11: 46123 | H11: 2400005 | I11: CLIENTE | J11: =IF($N11="","",IF(AND($N11=Consulta!$C$3,$G11<>"",$G11>=Consulta!$C$4,$G11<=Consulta!$C$5),COUNTIFS($N$6:$N11,Consulta!$C$3,$G$6:$G11,">="&Consulta!$C$4,$G$6:$G11,"<="&Consulta!$C$5),"")) -> 3 | K11: =IF($C11="","",IF(AND($C11=Consulta!$L$3,$G11<>"",$G11>=Consulta!$L$4,$G11<=Consulta!$L$5),COUNTIFS($C$6:$C11,Consulta!$L$3,$G$6:$G11,">="&Consulta!$L$4,$G$6:$G11,"<="&Consulta!$L$5),"")) | L11: =IF($D11="","",IF($D11=Consulta!$S$3,COUNTIF($D$6:$D11,Consulta!$S$3),"")) | M11: =IF($N11="","",IF(AND($N11='Comprovante DEV'!$D$6,$G11='Comprovante DEV'!$D$7),COUNTIFS($N$6:$N11,'Comprovante DEV'!$D$6,$G$6:$G11,'Comprovante DEV'!$D$7),"")) | N11: =IF($F11="","",IFERROR(VLOOKUP($F11,Apelidos_Tecnico!$A:$B,2,0),$F11)) -> Carlos Eduardo Lima
A12: DEV06-2002 | B12: I03380 | C12: ONT NOKIA 1425-GA | D12: FHTT23718431 | E12: 1 | F12: Diego Ferreira Alves | G12: 46115 | H12: 2400006 | J12: =IF($N12="","",IF(AND($N12=Consulta!$C$3,$G12<>"",$G12>=Consulta!$C$4,$G12<=Consulta!$C$5),COUNTIFS($N$6:$N12,Consulta!$C$3,$G$6:$G12,">="&Consulta!$C$4,$G$6:$G12,"<="&Consulta!$C$5),"")) | K12: =IF($C12="","",IF(AND($C12=Consulta!$L$3,$G12<>"",$G12>=Consulta!$L$4,$G12<=Consulta!$L$5),COUNTIFS($C$6:$C12,Consulta!$L$3,$G$6:$G12,">="&Consulta!$L$4,$G$6:$G12,"<="&Consulta!$L$5),"")) | L12: =IF($D12="","",IF($D12=Consulta!$S$3,COUNTIF($D$6:$D12,Consulta!$S$3),"")) | M12: =IF($N12="","",IF(AND($N12='Comprovante DEV'!$D$6,$G12='Comprovante DEV'!$D$7),COUNTIFS($N$6:$N12,'Comprovante DEV'!$D$6,$G$6:$G12,'Comprovante DEV'!$D$7),"")) | N12: =IF($F12="","",IFERROR(VLOOKUP($F12,Apelidos_Tecnico!$A:$B,2,0),$F12)) -> Diego Ferreira Alves
A13: DEV06-3002 | B13: I03380 | C13: ONT NOKIA 1425-GA | D13: FHTT91030736 | E13: 1 | F13: Felipe Augusto Nunes | G13: 46121 | H13: 2400007 | J13: =IF($N13="","",IF(AND($N13=Consulta!$C$3,$G13<>"",$G13>=Consulta!$C$4,$G13<=Consulta!$C$5),COUNTIFS($N$6:$N13,Consulta!$C$3,$G$6:$G13,">="&Consulta!$C$4,$G$6:$G13,"<="&Consulta!$C$5),"")) | K13: =IF($C13="","",IF(AND($C13=Consulta!$L$3,$G13<>"",$G13>=Consulta!$L$4,$G13<=Consulta!$L$5),COUNTIFS($C$6:$C13,Consulta!$L$3,$G$6:$G13,">="&Consulta!$L$4,$G$6:$G13,"<="&Consulta!$L$5),"")) | L13: =IF($D13="","",IF($D13=Consulta!$S$3,COUNTIF($D$6:$D13,Consulta!$S$3),"")) | M13: =IF($N13="","",IF(AND($N13='Comprovante DEV'!$D$6,$G13='Comprovante DEV'!$D$7),COUNTIFS($N$6:$N13,'Comprovante DEV'!$D$6,$G$6:$G13,'Comprovante DEV'!$D$7),"")) | N13: =IF($F13="","",IFERROR(VLOOKUP($F13,Apelidos_Tecnico!$A:$B,2,0),$F13)) -> Felipe Augusto Nunes
A14: DEV06-2003 | B14: I04693 | C14: ONT GPON ZYXEL PX3321-T1 AX3000 WIFI 6 | D14: FHTT26753883 | E14: 1 | F14: LUCAS PEREIRA GOMES REAL | G14: 46125 | H14: 2400008 | I14: CLIENTE | J14: =IF($N14="","",IF(AND($N14=Consulta!$C$3,$G14<>"",$G14>=Consulta!$C$4,$G14<=Consulta!$C$5),COUNTIFS($N$6:$N14,Consulta!$C$3,$G$6:$G14,">="&Consulta!$C$4,$G$6:$G14,"<="&Consulta!$C$5),"")) | K14: =IF($C14="","",IF(AND($C14=Consulta!$L$3,$G14<>"",$G14>=Consulta!$L$4,$G14<=Consulta!$L$5),COUNTIFS($C$6:$C14,Consulta!$L$3,$G$6:$G14,">="&Consulta!$L$4,$G$6:$G14,"<="&Consulta!$L$5),"")) | L14: =IF($D14="","",IF($D14=Consulta!$S$3,COUNTIF($D$6:$D14,Consulta!$S$3),"")) | M14: =IF($N14="","",IF(AND($N14='Comprovante DEV'!$D$6,$G14='Comprovante DEV'!$D$7),COUNTIFS($N$6:$N14,'Comprovante DEV'!$D$6,$G$6:$G14,'Comprovante DEV'!$D$7),"")) | N14: =IF($F14="","",IFERROR(VLOOKUP($F14,Apelidos_Tecnico!$A:$B,2,0),$F14)) -> Lucas Pereira Gomes
A15: DEV06-3001 | B15: I04693 | C15: ONT GPON ZYXEL PX3321-T1 AX3000 WIFI 6 | D15: FHTT58537831 | E15: 1 | F15: Marcos Vinícius Rocha | G15: 46131 | H15: 2400009 | I15: CLIENTE | J15: =IF($N15="","",IF(AND($N15=Consulta!$C$3,$G15<>"",$G15>=Consulta!$C$4,$G15<=Consulta!$C$5),COUNTIFS($N$6:$N15,Consulta!$C$3,$G$6:$G15,">="&Consulta!$C$4,$G$6:$G15,"<="&Consulta!$C$5),"")) | K15: =IF($C15="","",IF(AND($C15=Consulta!$L$3,$G15<>"",$G15>=Consulta!$L$4,$G15<=Consulta!$L$5),COUNTIFS($C$6:$C15,Consulta!$L$3,$G$6:$G15,">="&Consulta!$L$4,$G$6:$G15,"<="&Consulta!$L$5),"")) | L15: =IF($D15="","",IF($D15=Consulta!$S$3,COUNTIF($D$6:$D15,Consulta!$S$3),"")) | M15: =IF($N15="","",IF(AND($N15='Comprovante DEV'!$D$6,$G15='Comprovante DEV'!$D$7),COUNTIFS($N$6:$N15,'Comprovante DEV'!$D$6,$G$6:$G15,'Comprovante DEV'!$D$7),"")) | N15: =IF($F15="","",IFERROR(VLOOKUP($F15,Apelidos_Tecnico!$A:$B,2,0),$F15)) -> Marcos Vinícius Rocha
A16: DEV06-1002 | B16: I00468 | C16: ROTEADOR TP-LINK WIRELESS AC1200 ARCHER C5W GIGABIT DUAL BAND | D16: FHTT98753260 | E16: 1 | F16: Rafael Souza Martins | G16: 46120 | H16: 2400010 | J16: =IF($N16="","",IF(AND($N16=Consulta!$C$3,$G16<>"",$G16>=Consulta!$C$4,$G16<=Consulta!$C$5),COUNTIFS($N$6:$N16,Consulta!$C$3,$G$6:$G16,">="&Consulta!$C$4,$G$6:$G16,"<="&Consulta!$C$5),"")) | K16: =IF($C16="","",IF(AND($C16=Consulta!$L$3,$G16<>"",$G16>=Consulta!$L$4,$G16<=Consulta!$L$5),COUNTIFS($C$6:$C16,Consulta!$L$3,$G$6:$G16,">="&Consulta!$L$4,$G$6:$G16,"<="&Consulta!$L$5),"")) | L16: =IF($D16="","",IF($D16=Consulta!$S$3,COUNTIF($D$6:$D16,Consulta!$S$3),"")) | M16: =IF($N16="","",IF(AND($N16='Comprovante DEV'!$D$6,$G16='Comprovante DEV'!$D$7),COUNTIFS($N$6:$N16,'Comprovante DEV'!$D$6,$G$6:$G16,'Comprovante DEV'!$D$7),"")) | N16: =IF($F16="","",IFERROR(VLOOKUP($F16,Apelidos_Tecnico!$A:$B,2,0),$F16)) -> Rafael Souza Martins
A17: DEV06-1002 | B17: I01335 | C17: REPETIDOR DE SINAL TP-LINK RE305 | D17: FHTT23556182 | E17: 1 | F17: Rafael Souza Martins | G17: 46125 | H17: 2400011 | I17: CLIENTE | J17: =IF($N17="","",IF(AND($N17=Consulta!$C$3,$G17<>"",$G17>=Consulta!$C$4,$G17<=Consulta!$C$5),COUNTIFS($N$6:$N17,Consulta!$C$3,$G$6:$G17,">="&Consulta!$C$4,$G$6:$G17,"<="&Consulta!$C$5),"")) | K17: =IF($C17="","",IF(AND($C17=Consulta!$L$3,$G17<>"",$G17>=Consulta!$L$4,$G17<=Consulta!$L$5),COUNTIFS($C$6:$C17,Consulta!$L$3,$G$6:$G17,">="&Consulta!$L$4,$G$6:$G17,"<="&Consulta!$L$5),"")) | L17: =IF($D17="","",IF($D17=Consulta!$S$3,COUNTIF($D$6:$D17,Consulta!$S$3),"")) | M17: =IF($N17="","",IF(AND($N17='Comprovante DEV'!$D$6,$G17='Comprovante DEV'!$D$7),COUNTIFS($N$6:$N17,'Comprovante DEV'!$D$6,$G$6:$G17,'Comprovante DEV'!$D$7),"")) | N17: =IF($F17="","",IFERROR(VLOOKUP($F17,Apelidos_Tecnico!$A:$B,2,0),$F17)) -> Rafael Souza Martins
A18: DEV06-3002 | B18: I01335 | C18: REPETIDOR DE SINAL TP-LINK RE305 | D18: FHTT59684848 | E18: 1 | F18: Felipe Augusto Nunes | G18: 46124 | H18: 2400012 | I18: CLIENTE | J18: =IF($N18="","",IF(AND($N18=Consulta!$C$3,$G18<>"",$G18>=Consulta!$C$4,$G18<=Consulta!$C$5),COUNTIFS($N$6:$N18,Consulta!$C$3,$G$6:$G18,">="&Consulta!$C$4,$G$6:$G18,"<="&Consulta!$C$5),"")) | K18: =IF($C18="","",IF(AND($C18=Consulta!$L$3,$G18<>"",$G18>=Consulta!$L$4,$G18<=Consulta!$L$5),COUNTIFS($C$6:$C18,Consulta!$L$3,$G$6:$G18,">="&Consulta!$L$4,$G$6:$G18,"<="&Consulta!$L$5),"")) | L18: =IF($D18="","",IF($D18=Consulta!$S$3,COUNTIF($D$6:$D18,Consulta!$S$3),"")) | M18: =IF($N18="","",IF(AND($N18='Comprovante DEV'!$D$6,$G18='Comprovante DEV'!$D$7),COUNTIFS($N$6:$N18,'Comprovante DEV'!$D$6,$G$6:$G18,'Comprovante DEV'!$D$7),"")) | N18: =IF($F18="","",IFERROR(VLOOKUP($F18,Apelidos_Tecnico!$A:$B,2,0),$F18)) -> Felipe Augusto Nunes
A19: DEV06-3001 | B19: I00468 | C19: ROTEADOR TP-LINK WIRELESS AC1200 ARCHER C5W GIGABIT DUAL BAND | D19: FHTT91756179 | E19: 1 | F19: Marcos Vinícius Rocha | G19: 46133 | H19: 2400013 | I19: CLIENTE | J19: =IF($N19="","",IF(AND($N19=Consulta!$C$3,$G19<>"",$G19>=Consulta!$C$4,$G19<=Consulta!$C$5),COUNTIFS($N$6:$N19,Consulta!$C$3,$G$6:$G19,">="&Consulta!$C$4,$G$6:$G19,"<="&Consulta!$C$5),"")) | K19: =IF($C19="","",IF(AND($C19=Consulta!$L$3,$G19<>"",$G19>=Consulta!$L$4,$G19<=Consulta!$L$5),COUNTIFS($C$6:$C19,Consulta!$L$3,$G$6:$G19,">="&Consulta!$L$4,$G$6:$G19,"<="&Consulta!$L$5),"")) | L19: =IF($D19="","",IF($D19=Consulta!$S$3,COUNTIF($D$6:$D19,Consulta!$S$3),"")) | M19: =IF($N19="","",IF(AND($N19='Comprovante DEV'!$D$6,$G19='Comprovante DEV'!$D$7),COUNTIFS($N$6:$N19,'Comprovante DEV'!$D$6,$G$6:$G19,'Comprovante DEV'!$D$7),"")) | N19: =IF($F19="","",IFERROR(VLOOKUP($F19,Apelidos_Tecnico!$A:$B,2,0),$F19)) -> Marcos Vinícius Rocha
A20: DEV06-2002 | B20: I01335 | C20: REPETIDOR DE SINAL TP-LINK RE305 | D20: FHTT72043515 | E20: 1 | F20: Diego Ferreira Alves | G20: 46125 | H20: 2400014 | I20: CLIENTE | J20: =IF($N20="","",IF(AND($N20=Consulta!$C$3,$G20<>"",$G20>=Consulta!$C$4,$G20<=Consulta!$C$5),COUNTIFS($N$6:$N20,Consulta!$C$3,$G$6:$G20,">="&Consulta!$C$4,$G$6:$G20,"<="&Consulta!$C$5),"")) | K20: =IF($C20="","",IF(AND($C20=Consulta!$L$3,$G20<>"",$G20>=Consulta!$L$4,$G20<=Consulta!$L$5),COUNTIFS($C$6:$C20,Consulta!$L$3,$G$6:$G20,">="&Consulta!$L$4,$G$6:$G20,"<="&Consulta!$L$5),"")) | L20: =IF($D20="","",IF($D20=Consulta!$S$3,COUNTIF($D$6:$D20,Consulta!$S$3),"")) | M20: =IF($N20="","",IF(AND($N20='Comprovante DEV'!$D$6,$G20='Comprovante DEV'!$D$7),COUNTIFS($N$6:$N20,'Comprovante DEV'!$D$6,$G$6:$G20,'Comprovante DEV'!$D$7),"")) | N20: =IF($F20="","",IFERROR(VLOOKUP($F20,Apelidos_Tecnico!$A:$B,2,0),$F20)) -> Diego Ferreira Alves
A21: DEV06-2002 | B21: I03380 | C21: ONT NOKIA 1425-GA | D21: FHTT17507864 | E21: 1 | F21: Diego Ferreira Alves | G21: 46120 | H21: 2400015 | J21: =IF($N21="","",IF(AND($N21=Consulta!$C$3,$G21<>"",$G21>=Consulta!$C$4,$G21<=Consulta!$C$5),COUNTIFS($N$6:$N21,Consulta!$C$3,$G$6:$G21,">="&Consulta!$C$4,$G$6:$G21,"<="&Consulta!$C$5),"")) | K21: =IF($C21="","",IF(AND($C21=Consulta!$L$3,$G21<>"",$G21>=Consulta!$L$4,$G21<=Consulta!$L$5),COUNTIFS($C$6:$C21,Consulta!$L$3,$G$6:$G21,">="&Consulta!$L$4,$G$6:$G21,"<="&Consulta!$L$5),"")) | L21: =IF($D21="","",IF($D21=Consulta!$S$3,COUNTIF($D$6:$D21,Consulta!$S$3),"")) | M21: =IF($N21="","",IF(AND($N21='Comprovante DEV'!$D$6,$G21='Comprovante DEV'!$D$7),COUNTIFS($N$6:$N21,'Comprovante DEV'!$D$6,$G$6:$G21,'Comprovante DEV'!$D$7),"")) | N21: =IF($F21="","",IFERROR(VLOOKUP($F21,Apelidos_Tecnico!$A:$B,2,0),$F21)) -> Diego Ferreira Alves
A22: DEV06-3002 | B22: I04340 | C22: ONU GPON ZTE F6600P AX3000 DUAL-BAND WIFI 6 | D22: FHTT45935572 | E22: 1 | F22: Felipe Augusto Nunes | G22: 46115 | H22: 2400016 | I22: CLIENTE | J22: =IF($N22="","",IF(AND($N22=Consulta!$C$3,$G22<>"",$G22>=Consulta!$C$4,$G22<=Consulta!$C$5),COUNTIFS($N$6:$N22,Consulta!$C$3,$G$6:$G22,">="&Consulta!$C$4,$G$6:$G22,"<="&Consulta!$C$5),"")) | K22: =IF($C22="","",IF(AND($C22=Consulta!$L$3,$G22<>"",$G22>=Consulta!$L$4,$G22<=Consulta!$L$5),COUNTIFS($C$6:$C22,Consulta!$L$3,$G$6:$G22,">="&Consulta!$L$4,$G$6:$G22,"<="&Consulta!$L$5),"")) | L22: =IF($D22="","",IF($D22=Consulta!$S$3,COUNTIF($D$6:$D22,Consulta!$S$3),"")) | M22: =IF($N22="","",IF(AND($N22='Comprovante DEV'!$D$6,$G22='Comprovante DEV'!$D$7),COUNTIFS($N$6:$N22,'Comprovante DEV'!$D$6,$G$6:$G22,'Comprovante DEV'!$D$7),"")) | N22: =IF($F22="","",IFERROR(VLOOKUP($F22,Apelidos_Tecnico!$A:$B,2,0),$F22)) -> Felipe Augusto Nunes
A23: DEV06-3002 | B23: I01335 | C23: REPETIDOR DE SINAL TP-LINK RE305 | D23: FHTT97971488 | E23: 1 | F23: Felipe Augusto Nunes | G23: 46128 | H23: 2400017 | J23: =IF($N23="","",IF(AND($N23=Consulta!$C$3,$G23<>"",$G23>=Consulta!$C$4,$G23<=Consulta!$C$5),COUNTIFS($N$6:$N23,Consulta!$C$3,$G$6:$G23,">="&Consulta!$C$4,$G$6:$G23,"<="&Consulta!$C$5),"")) | K23: =IF($C23="","",IF(AND($C23=Consulta!$L$3,$G23<>"",$G23>=Consulta!$L$4,$G23<=Consulta!$L$5),COUNTIFS($C$6:$C23,Consulta!$L$3,$G$6:$G23,">="&Consulta!$L$4,$G$6:$G23,"<="&Consulta!$L$5),"")) | L23: =IF($D23="","",IF($D23=Consulta!$S$3,COUNTIF($D$6:$D23,Consulta!$S$3),"")) | M23: =IF($N23="","",IF(AND($N23='Comprovante DEV'!$D$6,$G23='Comprovante DEV'!$D$7),COUNTIFS($N$6:$N23,'Comprovante DEV'!$D$6,$G$6:$G23,'Comprovante DEV'!$D$7),"")) | N23: =IF($F23="","",IFERROR(VLOOKUP($F23,Apelidos_Tecnico!$A:$B,2,0),$F23)) -> Felipe Augusto Nunes
A24: DEV06-2003 | B24: I01335 | C24: REPETIDOR DE SINAL TP-LINK RE305 | D24: FHTT45551614 | E24: 1 | F24: LUCAS PEREIRA GOMES REAL | G24: 46117 | H24: 2400018 | I24: CLIENTE | J24: =IF($N24="","",IF(AND($N24=Consulta!$C$3,$G24<>"",$G24>=Consulta!$C$4,$G24<=Consulta!$C$5),COUNTIFS($N$6:$N24,Consulta!$C$3,$G$6:$G24,">="&Consulta!$C$4,$G$6:$G24,"<="&Consulta!$C$5),"")) | K24: =IF($C24="","",IF(AND($C24=Consulta!$L$3,$G24<>"",$G24>=Consulta!$L$4,$G24<=Consulta!$L$5),COUNTIFS($C$6:$C24,Consulta!$L$3,$G$6:$G24,">="&Consulta!$L$4,$G$6:$G24,"<="&Consulta!$L$5),"")) | L24: =IF($D24="","",IF($D24=Consulta!$S$3,COUNTIF($D$6:$D24,Consulta!$S$3),"")) | M24: =IF($N24="","",IF(AND($N24='Comprovante DEV'!$D$6,$G24='Comprovante DEV'!$D$7),COUNTIFS($N$6:$N24,'Comprovante DEV'!$D$6,$G$6:$G24,'Comprovante DEV'!$D$7),"")) | N24: =IF($F24="","",IFERROR(VLOOKUP($F24,Apelidos_Tecnico!$A:$B,2,0),$F24)) -> Lucas Pereira Gomes
A25: DEV06-3001 | B25: I04693 | C25: ONT GPON ZYXEL PX3321-T1 AX3000 WIFI 6 | D25: FHTT67503414 | E25: 1 | F25: Marcos Vinícius Rocha | G25: 46131 | H25: 2400019 | J25: =IF($N25="","",IF(AND($N25=Consulta!$C$3,$G25<>"",$G25>=Consulta!$C$4,$G25<=Consulta!$C$5),COUNTIFS($N$6:$N25,Consulta!$C$3,$G$6:$G25,">="&Consulta!$C$4,$G$6:$G25,"<="&Consulta!$C$5),"")) | K25: =IF($C25="","",IF(AND($C25=Consulta!$L$3,$G25<>"",$G25>=Consulta!$L$4,$G25<=Consulta!$L$5),COUNTIFS($C$6:$C25,Consulta!$L$3,$G$6:$G25,">="&Consulta!$L$4,$G$6:$G25,"<="&Consulta!$L$5),"")) | L25: =IF($D25="","",IF($D25=Consulta!$S$3,COUNTIF($D$6:$D25,Consulta!$S$3),"")) | M25: =IF($N25="","",IF(AND($N25='Comprovante DEV'!$D$6,$G25='Comprovante DEV'!$D$7),COUNTIFS($N$6:$N25,'Comprovante DEV'!$D$6,$G$6:$G25,'Comprovante DEV'!$D$7),"")) | N25: =IF($F25="","",IFERROR(VLOOKUP($F25,Apelidos_Tecnico!$A:$B,2,0),$F25)) -> Marcos Vinícius Rocha
A26: DEV06-2002 | B26: I01335 | C26: REPETIDOR DE SINAL TP-LINK RE305 | D26: FHTT78387461 | E26: 1 | F26: Diego Ferreira Alves | G26: 46128 | H26: 2400020 | I26: CLIENTE | J26: =IF($N26="","",IF(AND($N26=Consulta!$C$3,$G26<>"",$G26>=Consulta!$C$4,$G26<=Consulta!$C$5),COUNTIFS($N$6:$N26,Consulta!$C$3,$G$6:$G26,">="&Consulta!$C$4,$G$6:$G26,"<="&Consulta!$C$5),"")) | K26: =IF($C26="","",IF(AND($C26=Consulta!$L$3,$G26<>"",$G26>=Consulta!$L$4,$G26<=Consulta!$L$5),COUNTIFS($C$6:$C26,Consulta!$L$3,$G$6:$G26,">="&Consulta!$L$4,$G$6:$G26,"<="&Consulta!$L$5),"")) | L26: =IF($D26="","",IF($D26=Consulta!$S$3,COUNTIF($D$6:$D26,Consulta!$S$3),"")) | M26: =IF($N26="","",IF(AND($N26='Comprovante DEV'!$D$6,$G26='Comprovante DEV'!$D$7),COUNTIFS($N$6:$N26,'Comprovante DEV'!$D$6,$G$6:$G26,'Comprovante DEV'!$D$7),"")) | N26: =IF($F26="","",IFERROR(VLOOKUP($F26,Apelidos_Tecnico!$A:$B,2,0),$F26)) -> Diego Ferreira Alves
A27: DEV06-1001 | B27: I00468 | C27: ROTEADOR TP-LINK WIRELESS AC1200 ARCHER C5W GIGABIT DUAL BAND | D27: FHTT30514014 | E27: 1 | F27: Carlos Eduardo Lima | G27: 46133 | H27: 2400021 | I27: CLIENTE | J27: =IF($N27="","",IF(AND($N27=Consulta!$C$3,$G27<>"",$G27>=Consulta!$C$4,$G27<=Consulta!$C$5),COUNTIFS($N$6:$N27,Consulta!$C$3,$G$6:$G27,">="&Consulta!$C$4,$G$6:$G27,"<="&Consulta!$C$5),"")) -> 4 | K27: =IF($C27="","",IF(AND($C27=Consulta!$L$3,$G27<>"",$G27>=Consulta!$L$4,$G27<=Consulta!$L$5),COUNTIFS($C$6:$C27,Consulta!$L$3,$G$6:$G27,">="&Consulta!$L$4,$G$6:$G27,"<="&Consulta!$L$5),"")) | L27: =IF($D27="","",IF($D27=Consulta!$S$3,COUNTIF($D$6:$D27,Consulta!$S$3),"")) | M27: =IF($N27="","",IF(AND($N27='Comprovante DEV'!$D$6,$G27='Comprovante DEV'!$D$7),COUNTIFS($N$6:$N27,'Comprovante DEV'!$D$6,$G$6:$G27,'Comprovante DEV'!$D$7),"")) | N27: =IF($F27="","",IFERROR(VLOOKUP($F27,Apelidos_Tecnico!$A:$B,2,0),$F27)) -> Carlos Eduardo Lima
A28: DEV06-1003 | B28: I04693 | C28: ONT GPON ZYXEL PX3321-T1 AX3000 WIFI 6 | D28: FHTT18526544 | E28: 1 | F28: MAXIMA-THIAGO RAMOS SILVA | G28: 46125 | H28: 2400022 | J28: =IF($N28="","",IF(AND($N28=Consulta!$C$3,$G28<>"",$G28>=Consulta!$C$4,$G28<=Consulta!$C$5),COUNTIFS($N$6:$N28,Consulta!$C$3,$G$6:$G28,">="&Consulta!$C$4,$G$6:$G28,"<="&Consulta!$C$5),"")) | K28: =IF($C28="","",IF(AND($C28=Consulta!$L$3,$G28<>"",$G28>=Consulta!$L$4,$G28<=Consulta!$L$5),COUNTIFS($C$6:$C28,Consulta!$L$3,$G$6:$G28,">="&Consulta!$L$4,$G$6:$G28,"<="&Consulta!$L$5),"")) | L28: =IF($D28="","",IF($D28=Consulta!$S$3,COUNTIF($D$6:$D28,Consulta!$S$3),"")) | M28: =IF($N28="","",IF(AND($N28='Comprovante DEV'!$D$6,$G28='Comprovante DEV'!$D$7),COUNTIFS($N$6:$N28,'Comprovante DEV'!$D$6,$G$6:$G28,'Comprovante DEV'!$D$7),"")) | N28: =IF($F28="","",IFERROR(VLOOKUP($F28,Apelidos_Tecnico!$A:$B,2,0),$F28)) -> Thiago Ramos Silva
A29: DEV06-2003 | B29: I04693 | C29: ONT GPON ZYXEL PX3321-T1 AX3000 WIFI 6 | D29: FHTT43744231 | E29: 1 | F29: LUCAS PEREIRA GOMES REAL | G29: 46130 | H29: 2400023 | J29: =IF($N29="","",IF(AND($N29=Consulta!$C$3,$G29<>"",$G29>=Consulta!$C$4,$G29<=Consulta!$C$5),COUNTIFS($N$6:$N29,Consulta!$C$3,$G$6:$G29,">="&Consulta!$C$4,$G$6:$G29,"<="&Consulta!$C$5),"")) | K29: =IF($C29="","",IF(AND($C29=Consulta!$L$3,$G29<>"",$G29>=Consulta!$L$4,$G29<=Consulta!$L$5),COUNTIFS($C$6:$C29,Consulta!$L$3,$G$6:$G29,">="&Consulta!$L$4,$G$6:$G29,"<="&Consulta!$L$5),"")) | L29: =IF($D29="","",IF($D29=Consulta!$S$3,COUNTIF($D$6:$D29,Consulta!$S$3),"")) | M29: =IF($N29="","",IF(AND($N29='Comprovante DEV'!$D$6,$G29='Comprovante DEV'!$D$7),COUNTIFS($N$6:$N29,'Comprovante DEV'!$D$6,$G$6:$G29,'Comprovante DEV'!$D$7),"")) | N29: =IF($F29="","",IFERROR(VLOOKUP($F29,Apelidos_Tecnico!$A:$B,2,0),$F29)) -> Lucas Pereira Gomes
A30: DEV06-1001 | B30: I00468 | C30: ROTEADOR TP-LINK WIRELESS AC1200 ARCHER C5W GIGABIT DUAL BAND | D30: FHTT82070937 | E30: 1 | F30: Carlos Eduardo Lima | G30: 46137 | H30: 2400024 | I30: CLIENTE | J30: =IF($N30="","",IF(AND($N30=Consulta!$C$3,$G30<>"",$G30>=Consulta!$C$4,$G30<=Consulta!$C$5),COUNTIFS($N$6:$N30,Consulta!$C$3,$G$6:$G30,">="&Consulta!$C$4,$G$6:$G30,"<="&Consulta!$C$5),"")) -> 5 | K30: =IF($C30="","",IF(AND($C30=Consulta!$L$3,$G30<>"",$G30>=Consulta!$L$4,$G30<=Consulta!$L$5),COUNTIFS($C$6:$C30,Consulta!$L$3,$G$6:$G30,">="&Consulta!$L$4,$G$6:$G30,"<="&Consulta!$L$5),"")) | L30: =IF($D30="","",IF($D30=Consulta!$S$3,COUNTIF($D$6:$D30,Consulta!$S$3),"")) | M30: =IF($N30="","",IF(AND($N30='Comprovante DEV'!$D$6,$G30='Comprovante DEV'!$D$7),COUNTIFS($N$6:$N30,'Comprovante DEV'!$D$6,$G$6:$G30,'Comprovante DEV'!$D$7),"")) | N30: =IF($F30="","",IFERROR(VLOOKUP($F30,Apelidos_Tecnico!$A:$B,2,0),$F30)) -> Carlos Eduardo Lima
A31: DEV06-3002 | B31: I00468 | C31: ROTEADOR TP-LINK WIRELESS AC1200 ARCHER C5W GIGABIT DUAL BAND | D31: FHTT49392920 | E31: 1 | F31: Felipe Augusto Nunes | G31: 46126 | H31: 2400025 | I31: CLIENTE | J31: =IF($N31="","",IF(AND($N31=Consulta!$C$3,$G31<>"",$G31>=Consulta!$C$4,$G31<=Consulta!$C$5),COUNTIFS($N$6:$N31,Consulta!$C$3,$G$6:$G31,">="&Consulta!$C$4,$G$6:$G31,"<="&Consulta!$C$5),"")) | K31: =IF($C31="","",IF(AND($C31=Consulta!$L$3,$G31<>"",$G31>=Consulta!$L$4,$G31<=Consulta!$L$5),COUNTIFS($C$6:$C31,Consulta!$L$3,$G$6:$G31,">="&Consulta!$L$4,$G$6:$G31,"<="&Consulta!$L$5),"")) | L31: =IF($D31="","",IF($D31=Consulta!$S$3,COUNTIF($D$6:$D31,Consulta!$S$3),"")) | M31: =IF($N31="","",IF(AND($N31='Comprovante DEV'!$D$6,$G31='Comprovante DEV'!$D$7),COUNTIFS($N$6:$N31,'Comprovante DEV'!$D$6,$G$6:$G31,'Comprovante DEV'!$D$7),"")) | N31: =IF($F31="","",IFERROR(VLOOKUP($F31,Apelidos_Tecnico!$A:$B,2,0),$F31)) -> Felipe Augusto Nunes
A32: DEV06-1001 | B32: I03380 | C32: ONT NOKIA 1425-GA | D32: FHTT77187530 | E32: 1 | F32: Carlos Eduardo Lima | G32: 46137 | H32: 2400026 | I32: CLIENTE | J32: =IF($N32="","",IF(AND($N32=Consulta!$C$3,$G32<>"",$G32>=Consulta!$C$4,$G32<=Consulta!$C$5),COUNTIFS($N$6:$N32,Consulta!$C$3,$G$6:$G32,">="&Consulta!$C$4,$G$6:$G32,"<="&Consulta!$C$5),"")) -> 6 | K32: =IF($C32="","",IF(AND($C32=Consulta!$L$3,$G32<>"",$G32>=Consulta!$L$4,$G32<=Consulta!$L$5),COUNTIFS($C$6:$C32,Consulta!$L$3,$G$6:$G32,">="&Consulta!$L$4,$G$6:$G32,"<="&Consulta!$L$5),"")) | L32: =IF($D32="","",IF($D32=Consulta!$S$3,COUNTIF($D$6:$D32,Consulta!$S$3),"")) | M32: =IF($N32="","",IF(AND($N32='Comprovante DEV'!$D$6,$G32='Comprovante DEV'!$D$7),COUNTIFS($N$6:$N32,'Comprovante DEV'!$D$6,$G$6:$G32,'Comprovante DEV'!$D$7),"")) | N32: =IF($F32="","",IFERROR(VLOOKUP($F32,Apelidos_Tecnico!$A:$B,2,0),$F32)) -> Carlos Eduardo Lima
A33: DEV06-1002 | B33: I03380 | C33: ONT NOKIA 1425-GA | D33: FHTT95758349 | E33: 1 | F33: Rafael Souza Martins | G33: 46129 | H33: 2400027 | J33: =IF($N33="","",IF(AND($N33=Consulta!$C$3,$G33<>"",$G33>=Consulta!$C$4,$G33<=Consulta!$C$5),COUNTIFS($N$6:$N33,Consulta!$C$3,$G$6:$G33,">="&Consulta!$C$4,$G$6:$G33,"<="&Consulta!$C$5),"")) | K33: =IF($C33="","",IF(AND($C33=Consulta!$L$3,$G33<>"",$G33>=Consulta!$L$4,$G33<=Consulta!$L$5),COUNTIFS($C$6:$C33,Consulta!$L$3,$G$6:$G33,">="&Consulta!$L$4,$G$6:$G33,"<="&Consulta!$L$5),"")) | L33: =IF($D33="","",IF($D33=Consulta!$S$3,COUNTIF($D$6:$D33,Consulta!$S$3),"")) | M33: =IF($N33="","",IF(AND($N33='Comprovante DEV'!$D$6,$G33='Comprovante DEV'!$D$7),COUNTIFS($N$6:$N33,'Comprovante DEV'!$D$6,$G$6:$G33,'Comprovante DEV'!$D$7),"")) | N33: =IF($F33="","",IFERROR(VLOOKUP($F33,Apelidos_Tecnico!$A:$B,2,0),$F33)) -> Rafael Souza Martins
A34: DEV06-2001 | B34: I03380 | C34: ONT NOKIA 1425-GA | D34: FHTT31682744 | E34: 1 | F34: Bruno Henrique Costa | G34: 46130 | H34: 2400028 | J34: =IF($N34="","",IF(AND($N34=Consulta!$C$3,$G34<>"",$G34>=Consulta!$C$4,$G34<=Consulta!$C$5),COUNTIFS($N$6:$N34,Consulta!$C$3,$G$6:$G34,">="&Consulta!$C$4,$G$6:$G34,"<="&Consulta!$C$5),"")) | K34: =IF($C34="","",IF(AND($C34=Consulta!$L$3,$G34<>"",$G34>=Consulta!$L$4,$G34<=Consulta!$L$5),COUNTIFS($C$6:$C34,Consulta!$L$3,$G$6:$G34,">="&Consulta!$L$4,$G$6:$G34,"<="&Consulta!$L$5),"")) | L34: =IF($D34="","",IF($D34=Consulta!$S$3,COUNTIF($D$6:$D34,Consulta!$S$3),"")) | M34: =IF($N34="","",IF(AND($N34='Comprovante DEV'!$D$6,$G34='Comprovante DEV'!$D$7),COUNTIFS($N$6:$N34,'Comprovante DEV'!$D$6,$G$6:$G34,'Comprovante DEV'!$D$7),"")) | N34: =IF($F34="","",IFERROR(VLOOKUP($F34,Apelidos_Tecnico!$A:$B,2,0),$F34)) -> Bruno Henrique Costa
A35: DEV06-1001 | B35: I04693 | C35: ONT GPON ZYXEL PX3321-T1 AX3000 WIFI 6 | D35: FHTT53507489 | E35: 1 | F35: Carlos Eduardo Lima | G35: 46128 | H35: 2400029 | I35: CLIENTE | J35: =IF($N35="","",IF(AND($N35=Consulta!$C$3,$G35<>"",$G35>=Consulta!$C$4,$G35<=Consulta!$C$5),COUNTIFS($N$6:$N35,Consulta!$C$3,$G$6:$G35,">="&Consulta!$C$4,$G$6:$G35,"<="&Consulta!$C$5),"")) -> 7 | K35: =IF($C35="","",IF(AND($C35=Consulta!$L$3,$G35<>"",$G35>=Consulta!$L$4,$G35<=Consulta!$L$5),COUNTIFS($C$6:$C35,Consulta!$L$3,$G$6:$G35,">="&Consulta!$L$4,$G$6:$G35,"<="&Consulta!$L$5),"")) | L35: =IF($D35="","",IF($D35=Consulta!$S$3,COUNTIF($D$6:$D35,Consulta!$S$3),"")) | M35: =IF($N35="","",IF(AND($N35='Comprovante DEV'!$D$6,$G35='Comprovante DEV'!$D$7),COUNTIFS($N$6:$N35,'Comprovante DEV'!$D$6,$G$6:$G35,'Comprovante DEV'!$D$7),"")) | N35: =IF($F35="","",IFERROR(VLOOKUP($F35,Apelidos_Tecnico!$A:$B,2,0),$F35)) -> Carlos Eduardo Lima
A36: DEV06-3002 | B36: I03380 | C36: ONT NOKIA 1425-GA | D36: FHTT42138745 | E36: 1 | F36: Felipe Augusto Nunes | G36: 46114 | H36: 2400030 | I36: CLIENTE | J36: =IF($N36="","",IF(AND($N36=Consulta!$C$3,$G36<>"",$G36>=Consulta!$C$4,$G36<=Consulta!$C$5),COUNTIFS($N$6:$N36,Consulta!$C$3,$G$6:$G36,">="&Consulta!$C$4,$G$6:$G36,"<="&Consulta!$C$5),"")) | K36: =IF($C36="","",IF(AND($C36=Consulta!$L$3,$G36<>"",$G36>=Consulta!$L$4,$G36<=Consulta!$L$5),COUNTIFS($C$6:$C36,Consulta!$L$3,$G$6:$G36,">="&Consulta!$L$4,$G$6:$G36,"<="&Consulta!$L$5),"")) | L36: =IF($D36="","",IF($D36=Consulta!$S$3,COUNTIF($D$6:$D36,Consulta!$S$3),"")) | M36: =IF($N36="","",IF(AND($N36='Comprovante DEV'!$D$6,$G36='Comprovante DEV'!$D$7),COUNTIFS($N$6:$N36,'Comprovante DEV'!$D$6,$G$6:$G36,'Comprovante DEV'!$D$7),"")) | N36: =IF($F36="","",IFERROR(VLOOKUP($F36,Apelidos_Tecnico!$A:$B,2,0),$F36)) -> Felipe Augusto Nunes
A37: DEV06-1002 | B37: I00468 | C37: ROTEADOR TP-LINK WIRELESS AC1200 ARCHER C5W GIGABIT DUAL BAND | D37: FHTT75228535 | E37: 1 | F37: Rafael Souza Martins | G37: 46139 | H37: 2400031 | I37: CLIENTE | J37: =IF($N37="","",IF(AND($N37=Consulta!$C$3,$G37<>"",$G37>=Consulta!$C$4,$G37<=Consulta!$C$5),COUNTIFS($N$6:$N37,Consulta!$C$3,$G$6:$G37,">="&Consulta!$C$4,$G$6:$G37,"<="&Consulta!$C$5),"")) | K37: =IF($C37="","",IF(AND($C37=Consulta!$L$3,$G37<>"",$G37>=Consulta!$L$4,$G37<=Consulta!$L$5),COUNTIFS($C$6:$C37,Consulta!$L$3,$G$6:$G37,">="&Consulta!$L$4,$G$6:$G37,"<="&Consulta!$L$5),"")) | L37: =IF($D37="","",IF($D37=Consulta!$S$3,COUNTIF($D$6:$D37,Consulta!$S$3),"")) | M37: =IF($N37="","",IF(AND($N37='Comprovante DEV'!$D$6,$G37='Comprovante DEV'!$D$7),COUNTIFS($N$6:$N37,'Comprovante DEV'!$D$6,$G$6:$G37,'Comprovante DEV'!$D$7),"")) | N37: =IF($F37="","",IFERROR(VLOOKUP($F37,Apelidos_Tecnico!$A:$B,2,0),$F37)) -> Rafael Souza Martins
A38: DEV06-2001 | B38: I01335 | C38: REPETIDOR DE SINAL TP-LINK RE305 | D38: FHTT98550256 | E38: 1 | F38: Bruno Henrique Costa | G38: 46128 | H38: 2400032 | J38: =IF($N38="","",IF(AND($N38=Consulta!$C$3,$G38<>"",$G38>=Consulta!$C$4,$G38<=Consulta!$C$5),COUNTIFS($N$6:$N38,Consulta!$C$3,$G$6:$G38,">="&Consulta!$C$4,$G$6:$G38,"<="&Consulta!$C$5),"")) | K38: =IF($C38="","",IF(AND($C38=Consulta!$L$3,$G38<>"",$G38>=Consulta!$L$4,$G38<=Consulta!$L$5),COUNTIFS($C$6:$C38,Consulta!$L$3,$G$6:$G38,">="&Consulta!$L$4,$G$6:$G38,"<="&Consulta!$L$5),"")) | L38: =IF($D38="","",IF($D38=Consulta!$S$3,COUNTIF($D$6:$D38,Consulta!$S$3),"")) | M38: =IF($N38="","",IF(AND($N38='Comprovante DEV'!$D$6,$G38='Comprovante DEV'!$D$7),COUNTIFS($N$6:$N38,'Comprovante DEV'!$D$6,$G$6:$G38,'Comprovante DEV'!$D$7),"")) | N38: =IF($F38="","",IFERROR(VLOOKUP($F38,Apelidos_Tecnico!$A:$B,2,0),$F38)) -> Bruno Henrique Costa
A39: DEV06-2001 | B39: I03380 | C39: ONT NOKIA 1425-GA | D39: FHTT80823176 | E39: 1 | F39: Bruno Henrique Costa | G39: 46140 | H39: 2400033 | J39: =IF($N39="","",IF(AND($N39=Consulta!$C$3,$G39<>"",$G39>=Consulta!$C$4,$G39<=Consulta!$C$5),COUNTIFS($N$6:$N39,Consulta!$C$3,$G$6:$G39,">="&Consulta!$C$4,$G$6:$G39,"<="&Consulta!$C$5),"")) | K39: =IF($C39="","",IF(AND($C39=Consulta!$L$3,$G39<>"",$G39>=Consulta!$L$4,$G39<=Consulta!$L$5),COUNTIFS($C$6:$C39,Consulta!$L$3,$G$6:$G39,">="&Consulta!$L$4,$G$6:$G39,"<="&Consulta!$L$5),"")) | L39: =IF($D39="","",IF($D39=Consulta!$S$3,COUNTIF($D$6:$D39,Consulta!$S$3),"")) | M39: =IF($N39="","",IF(AND($N39='Comprovante DEV'!$D$6,$G39='Comprovante DEV'!$D$7),COUNTIFS($N$6:$N39,'Comprovante DEV'!$D$6,$G$6:$G39,'Comprovante DEV'!$D$7),"")) | N39: =IF($F39="","",IFERROR(VLOOKUP($F39,Apelidos_Tecnico!$A:$B,2,0),$F39)) -> Bruno Henrique Costa
A40: DEV06-2002 | B40: I04693 | C40: ONT GPON ZYXEL PX3321-T1 AX3000 WIFI 6 | D40: FHTT36998038 | E40: 1 | F40: Diego Ferreira Alves | G40: 46135 | H40: 2400034 | I40: CLIENTE | J40: =IF($N40="","",IF(AND($N40=Consulta!$C$3,$G40<>"",$G40>=Consulta!$C$4,$G40<=Consulta!$C$5),COUNTIFS($N$6:$N40,Consulta!$C$3,$G$6:$G40,">="&Consulta!$C$4,$G$6:$G40,"<="&Consulta!$C$5),"")) | K40: =IF($C40="","",IF(AND($C40=Consulta!$L$3,$G40<>"",$G40>=Consulta!$L$4,$G40<=Consulta!$L$5),COUNTIFS($C$6:$C40,Consulta!$L$3,$G$6:$G40,">="&Consulta!$L$4,$G$6:$G40,"<="&Consulta!$L$5),"")) | L40: =IF($D40="","",IF($D40=Consulta!$S$3,COUNTIF($D$6:$D40,Consulta!$S$3),"")) | M40: =IF($N40="","",IF(AND($N40='Comprovante DEV'!$D$6,$G40='Comprovante DEV'!$D$7),COUNTIFS($N$6:$N40,'Comprovante DEV'!$D$6,$G$6:$G40,'Comprovante DEV'!$D$7),"")) | N40: =IF($F40="","",IFERROR(VLOOKUP($F40,Apelidos_Tecnico!$A:$B,2,0),$F40)) -> Diego Ferreira Alves
A41: DEV06-3002 | B41: I04340 | C41: ONU GPON ZTE F6600P AX3000 DUAL-BAND WIFI 6 | D41: FHTT79467853 | E41: 1 | F41: Felipe Augusto Nunes | G41: 46127 | H41: 2400035 | I41: CLIENTE | J41: =IF($N41="","",IF(AND($N41=Consulta!$C$3,$G41<>"",$G41>=Consulta!$C$4,$G41<=Consulta!$C$5),COUNTIFS($N$6:$N41,Consulta!$C$3,$G$6:$G41,">="&Consulta!$C$4,$G$6:$G41,"<="&Consulta!$C$5),"")) | K41: =IF($C41="","",IF(AND($C41=Consulta!$L$3,$G41<>"",$G41>=Consulta!$L$4,$G41<=Consulta!$L$5),COUNTIFS($C$6:$C41,Consulta!$L$3,$G$6:$G41,">="&Consulta!$L$4,$G$6:$G41,"<="&Consulta!$L$5),"")) | L41: =IF($D41="","",IF($D41=Consulta!$S$3,COUNTIF($D$6:$D41,Consulta!$S$3),"")) | M41: =IF($N41="","",IF(AND($N41='Comprovante DEV'!$D$6,$G41='Comprovante DEV'!$D$7),COUNTIFS($N$6:$N41,'Comprovante DEV'!$D$6,$G$6:$G41,'Comprovante DEV'!$D$7),"")) | N41: =IF($F41="","",IFERROR(VLOOKUP($F41,Apelidos_Tecnico!$A:$B,2,0),$F41)) -> Felipe Augusto Nunes
A42: DEV06-2002 | B42: I00468 | C42: ROTEADOR TP-LINK WIRELESS AC1200 ARCHER C5W GIGABIT DUAL BAND | D42: FHTT55377076 | E42: 1 | F42: Diego Ferreira Alves | G42: 46113 | H42: 2400036 | J42: =IF($N42="","",IF(AND($N42=Consulta!$C$3,$G42<>"",$G42>=Consulta!$C$4,$G42<=Consulta!$C$5),COUNTIFS($N$6:$N42,Consulta!$C$3,$G$6:$G42,">="&Consulta!$C$4,$G$6:$G42,"<="&Consulta!$C$5),"")) | K42: =IF($C42="","",IF(AND($C42=Consulta!$L$3,$G42<>"",$G42>=Consulta!$L$4,$G42<=Consulta!$L$5),COUNTIFS($C$6:$C42,Consulta!$L$3,$G$6:$G42,">="&Consulta!$L$4,$G$6:$G42,"<="&Consulta!$L$5),"")) | L42: =IF($D42="","",IF($D42=Consulta!$S$3,COUNTIF($D$6:$D42,Consulta!$S$3),"")) | M42: =IF($N42="","",IF(AND($N42='Comprovante DEV'!$D$6,$G42='Comprovante DEV'!$D$7),COUNTIFS($N$6:$N42,'Comprovante DEV'!$D$6,$G$6:$G42,'Comprovante DEV'!$D$7),"")) | N42: =IF($F42="","",IFERROR(VLOOKUP($F42,Apelidos_Tecnico!$A:$B,2,0),$F42)) -> Diego Ferreira Alves
A43: DEV06-2002 | B43: I04693 | C43: ONT GPON ZYXEL PX3321-T1 AX3000 WIFI 6 | D43: FHTT39557077 | E43: 1 | F43: Diego Ferreira Alves | G43: 46113 | H43: 2400037 | I43: CLIENTE | J43: =IF($N43="","",IF(AND($N43=Consulta!$C$3,$G43<>"",$G43>=Consulta!$C$4,$G43<=Consulta!$C$5),COUNTIFS($N$6:$N43,Consulta!$C$3,$G$6:$G43,">="&Consulta!$C$4,$G$6:$G43,"<="&Consulta!$C$5),"")) | K43: =IF($C43="","",IF(AND($C43=Consulta!$L$3,$G43<>"",$G43>=Consulta!$L$4,$G43<=Consulta!$L$5),COUNTIFS($C$6:$C43,Consulta!$L$3,$G$6:$G43,">="&Consulta!$L$4,$G$6:$G43,"<="&Consulta!$L$5),"")) | L43: =IF($D43="","",IF($D43=Consulta!$S$3,COUNTIF($D$6:$D43,Consulta!$S$3),"")) | M43: =IF($N43="","",IF(AND($N43='Comprovante DEV'!$D$6,$G43='Comprovante DEV'!$D$7),COUNTIFS($N$6:$N43,'Comprovante DEV'!$D$6,$G$6:$G43,'Comprovante DEV'!$D$7),"")) | N43: =IF($F43="","",IFERROR(VLOOKUP($F43,Apelidos_Tecnico!$A:$B,2,0),$F43)) -> Diego Ferreira Alves
A44: DEV06-1001 | B44: I01335 | C44: REPETIDOR DE SINAL TP-LINK RE305 | D44: FHTT19046318 | E44: 1 | F44: Carlos Eduardo Lima | G44: 46114 | H44: 2400038 | J44: =IF($N44="","",IF(AND($N44=Consulta!$C$3,$G44<>"",$G44>=Consulta!$C$4,$G44<=Consulta!$C$5),COUNTIFS($N$6:$N44,Consulta!$C$3,$G$6:$G44,">="&Consulta!$C$4,$G$6:$G44,"<="&Consulta!$C$5),"")) -> 8 | K44: =IF($C44="","",IF(AND($C44=Consulta!$L$3,$G44<>"",$G44>=Consulta!$L$4,$G44<=Consulta!$L$5),COUNTIFS($C$6:$C44,Consulta!$L$3,$G$6:$G44,">="&Consulta!$L$4,$G$6:$G44,"<="&Consulta!$L$5),"")) | L44: =IF($D44="","",IF($D44=Consulta!$S$3,COUNTIF($D$6:$D44,Consulta!$S$3),"")) | M44: =IF($N44="","",IF(AND($N44='Comprovante DEV'!$D$6,$G44='Comprovante DEV'!$D$7),COUNTIFS($N$6:$N44,'Comprovante DEV'!$D$6,$G$6:$G44,'Comprovante DEV'!$D$7),"")) | N44: =IF($F44="","",IFERROR(VLOOKUP($F44,Apelidos_Tecnico!$A:$B,2,0),$F44)) -> Carlos Eduardo Lima
A45: DEV06-1002 | B45: I04693 | C45: ONT GPON ZYXEL PX3321-T1 AX3000 WIFI 6 | D45: FHTT41944441 | E45: 1 | F45: Rafael Souza Martins | G45: 46121 | H45: 2400039 | J45: =IF($N45="","",IF(AND($N45=Consulta!$C$3,$G45<>"",$G45>=Consulta!$C$4,$G45<=Consulta!$C$5),COUNTIFS($N$6:$N45,Consulta!$C$3,$G$6:$G45,">="&Consulta!$C$4,$G$6:$G45,"<="&Consulta!$C$5),"")) | K45: =IF($C45="","",IF(AND($C45=Consulta!$L$3,$G45<>"",$G45>=Consulta!$L$4,$G45<=Consulta!$L$5),COUNTIFS($C$6:$C45,Consulta!$L$3,$G$6:$G45,">="&Consulta!$L$4,$G$6:$G45,"<="&Consulta!$L$5),"")) | L45: =IF($D45="","",IF($D45=Consulta!$S$3,COUNTIF($D$6:$D45,Consulta!$S$3),"")) | M45: =IF($N45="","",IF(AND($N45='Comprovante DEV'!$D$6,$G45='Comprovante DEV'!$D$7),COUNTIFS($N$6:$N45,'Comprovante DEV'!$D$6,$G$6:$G45,'Comprovante DEV'!$D$7),"")) | N45: =IF($F45="","",IFERROR(VLOOKUP($F45,Apelidos_Tecnico!$A:$B,2,0),$F45)) -> Rafael Souza Martins
J335: =IF($N335="","",IF(AND($N335=Consulta!$C$3,$G335<>"",$G335>=Consulta!$C$4,$G335<=Consulta!$C$5),COUNTIFS($N$6:$N335,Consulta!$C$3,$G$6:$G335,">="&Consulta!$C$4,$G$6:$G335,"<="&Consulta!$C$5),"")) | K335: =IF($C335="","",IF(AND($C335=Consulta!$L$3,$G335<>"",$G335>=Consulta!$L$4,$G335<=Consulta!$L$5),COUNTIFS($C$6:$C335,Consulta!$L$3,$G$6:$G335,">="&Consulta!$L$4,$G$6:$G335,"<="&Consulta!$L$5),"")) | L335: =IF($D335="","",IF($D335=Consulta!$S$3,COUNTIF($D$6:$D335,Consulta!$S$3),"")) | M335: =IF($N335="","",IF(AND($N335='Comprovante DEV'!$D$6,$G335='Comprovante DEV'!$D$7),COUNTIFS($N$6:$N335,'Comprovante DEV'!$D$6,$G$6:$G335,'Comprovante DEV'!$D$7),"")) | N335: =IF($F335="","",IFERROR(VLOOKUP($F335,Apelidos_Tecnico!$A:$B,2,0),$F335))
J336: =IF($N336="","",IF(AND($N336=Consulta!$C$3,$G336<>"",$G336>=Consulta!$C$4,$G336<=Consulta!$C$5),COUNTIFS($N$6:$N336,Consulta!$C$3,$G$6:$G336,">="&Consulta!$C$4,$G$6:$G336,"<="&Consulta!$C$5),"")) | K336: =IF($C336="","",IF(AND($C336=Consulta!$L$3,$G336<>"",$G336>=Consulta!$L$4,$G336<=Consulta!$L$5),COUNTIFS($C$6:$C336,Consulta!$L$3,$G$6:$G336,">="&Consulta!$L$4,$G$6:$G336,"<="&Consulta!$L$5),"")) | L336: =IF($D336="","",IF($D336=Consulta!$S$3,COUNTIF($D$6:$D336,Consulta!$S$3),"")) | M336: =IF($N336="","",IF(AND($N336='Comprovante DEV'!$D$6,$G336='Comprovante DEV'!$D$7),COUNTIFS($N$6:$N336,'Comprovante DEV'!$D$6,$G$6:$G336,'Comprovante DEV'!$D$7),"")) | N336: =IF($F336="","",IFERROR(VLOOKUP($F336,Apelidos_Tecnico!$A:$B,2,0),$F336))
J337: =IF($N337="","",IF(AND($N337=Consulta!$C$3,$G337<>"",$G337>=Consulta!$C$4,$G337<=Consulta!$C$5),COUNTIFS($N$6:$N337,Consulta!$C$3,$G$6:$G337,">="&Consulta!$C$4,$G$6:$G337,"<="&Consulta!$C$5),"")) | K337: =IF($C337="","",IF(AND($C337=Consulta!$L$3,$G337<>"",$G337>=Consulta!$L$4,$G337<=Consulta!$L$5),COUNTIFS($C$6:$C337,Consulta!$L$3,$G$6:$G337,">="&Consulta!$L$4,$G$6:$G337,"<="&Consulta!$L$5),"")) | L337: =IF($D337="","",IF($D337=Consulta!$S$3,COUNTIF($D$6:$D337,Consulta!$S$3),"")) | M337: =IF($N337="","",IF(AND($N337='Comprovante DEV'!$D$6,$G337='Comprovante DEV'!$D$7),COUNTIFS($N$6:$N337,'Comprovante DEV'!$D$6,$G$6:$G337,'Comprovante DEV'!$D$7),"")) | N337: =IF($F337="","",IFERROR(VLOOKUP($F337,Apelidos_Tecnico!$A:$B,2,0),$F337))
J338: =IF($N338="","",IF(AND($N338=Consulta!$C$3,$G338<>"",$G338>=Consulta!$C$4,$G338<=Consulta!$C$5),COUNTIFS($N$6:$N338,Consulta!$C$3,$G$6:$G338,">="&Consulta!$C$4,$G$6:$G338,"<="&Consulta!$C$5),"")) | K338: =IF($C338="","",IF(AND($C338=Consulta!$L$3,$G338<>"",$G338>=Consulta!$L$4,$G338<=Consulta!$L$5),COUNTIFS($C$6:$C338,Consulta!$L$3,$G$6:$G338,">="&Consulta!$L$4,$G$6:$G338,"<="&Consulta!$L$5),"")) | L338: =IF($D338="","",IF($D338=Consulta!$S$3,COUNTIF($D$6:$D338,Consulta!$S$3),"")) | M338: =IF($N338="","",IF(AND($N338='Comprovante DEV'!$D$6,$G338='Comprovante DEV'!$D$7),COUNTIFS($N$6:$N338,'Comprovante DEV'!$D$6,$G$6:$G338,'Comprovante DEV'!$D$7),"")) | N338: =IF($F338="","",IFERROR(VLOOKUP($F338,Apelidos_Tecnico!$A:$B,2,0),$F338))
J339: =IF($N339="","",IF(AND($N339=Consulta!$C$3,$G339<>"",$G339>=Consulta!$C$4,$G339<=Consulta!$C$5),COUNTIFS($N$6:$N339,Consulta!$C$3,$G$6:$G339,">="&Consulta!$C$4,$G$6:$G339,"<="&Consulta!$C$5),"")) | K339: =IF($C339="","",IF(AND($C339=Consulta!$L$3,$G339<>"",$G339>=Consulta!$L$4,$G339<=Consulta!$L$5),COUNTIFS($C$6:$C339,Consulta!$L$3,$G$6:$G339,">="&Consulta!$L$4,$G$6:$G339,"<="&Consulta!$L$5),"")) | L339: =IF($D339="","",IF($D339=Consulta!$S$3,COUNTIF($D$6:$D339,Consulta!$S$3),"")) | M339: =IF($N339="","",IF(AND($N339='Comprovante DEV'!$D$6,$G339='Comprovante DEV'!$D$7),COUNTIFS($N$6:$N339,'Comprovante DEV'!$D$6,$G$6:$G339,'Comprovante DEV'!$D$7),"")) | N339: =IF($F339="","",IFERROR(VLOOKUP($F339,Apelidos_Tecnico!$A:$B,2,0),$F339))
J340: =IF($N340="","",IF(AND($N340=Consulta!$C$3,$G340<>"",$G340>=Consulta!$C$4,$G340<=Consulta!$C$5),COUNTIFS($N$6:$N340,Consulta!$C$3,$G$6:$G340,">="&Consulta!$C$4,$G$6:$G340,"<="&Consulta!$C$5),"")) | K340: =IF($C340="","",IF(AND($C340=Consulta!$L$3,$G340<>"",$G340>=Consulta!$L$4,$G340<=Consulta!$L$5),COUNTIFS($C$6:$C340,Consulta!$L$3,$G$6:$G340,">="&Consulta!$L$4,$G$6:$G340,"<="&Consulta!$L$5),"")) | L340: =IF($D340="","",IF($D340=Consulta!$S$3,COUNTIF($D$6:$D340,Consulta!$S$3),"")) | M340: =IF($N340="","",IF(AND($N340='Comprovante DEV'!$D$6,$G340='Comprovante DEV'!$D$7),COUNTIFS($N$6:$N340,'Comprovante DEV'!$D$6,$G$6:$G340,'Comprovante DEV'!$D$7),"")) | N340: =IF($F340="","",IFERROR(VLOOKUP($F340,Apelidos_Tecnico!$A:$B,2,0),$F340))
J341: =IF($N341="","",IF(AND($N341=Consulta!$C$3,$G341<>"",$G341>=Consulta!$C$4,$G341<=Consulta!$C$5),COUNTIFS($N$6:$N341,Consulta!$C$3,$G$6:$G341,">="&Consulta!$C$4,$G$6:$G341,"<="&Consulta!$C$5),"")) | K341: =IF($C341="","",IF(AND($C341=Consulta!$L$3,$G341<>"",$G341>=Consulta!$L$4,$G341<=Consulta!$L$5),COUNTIFS($C$6:$C341,Consulta!$L$3,$G$6:$G341,">="&Consulta!$L$4,$G$6:$G341,"<="&Consulta!$L$5),"")) | L341: =IF($D341="","",IF($D341=Consulta!$S$3,COUNTIF($D$6:$D341,Consulta!$S$3),"")) | M341: =IF($N341="","",IF(AND($N341='Comprovante DEV'!$D$6,$G341='Comprovante DEV'!$D$7),COUNTIFS($N$6:$N341,'Comprovante DEV'!$D$6,$G$6:$G341,'Comprovante DEV'!$D$7),"")) | N341: =IF($F341="","",IFERROR(VLOOKUP($F341,Apelidos_Tecnico!$A:$B,2,0),$F341))
J342: =IF($N342="","",IF(AND($N342=Consulta!$C$3,$G342<>"",$G342>=Consulta!$C$4,$G342<=Consulta!$C$5),COUNTIFS($N$6:$N342,Consulta!$C$3,$G$6:$G342,">="&Consulta!$C$4,$G$6:$G342,"<="&Consulta!$C$5),"")) | K342: =IF($C342="","",IF(AND($C342=Consulta!$L$3,$G342<>"",$G342>=Consulta!$L$4,$G342<=Consulta!$L$5),COUNTIFS($C$6:$C342,Consulta!$L$3,$G$6:$G342,">="&Consulta!$L$4,$G$6:$G342,"<="&Consulta!$L$5),"")) | L342: =IF($D342="","",IF($D342=Consulta!$S$3,COUNTIF($D$6:$D342,Consulta!$S$3),"")) | M342: =IF($N342="","",IF(AND($N342='Comprovante DEV'!$D$6,$G342='Comprovante DEV'!$D$7),COUNTIFS($N$6:$N342,'Comprovante DEV'!$D$6,$G$6:$G342,'Comprovante DEV'!$D$7),"")) | N342: =IF($F342="","",IFERROR(VLOOKUP($F342,Apelidos_Tecnico!$A:$B,2,0),$F342))
J343: =IF($N343="","",IF(AND($N343=Consulta!$C$3,$G343<>"",$G343>=Consulta!$C$4,$G343<=Consulta!$C$5),COUNTIFS($N$6:$N343,Consulta!$C$3,$G$6:$G343,">="&Consulta!$C$4,$G$6:$G343,"<="&Consulta!$C$5),"")) | K343: =IF($C343="","",IF(AND($C343=Consulta!$L$3,$G343<>"",$G343>=Consulta!$L$4,$G343<=Consulta!$L$5),COUNTIFS($C$6:$C343,Consulta!$L$3,$G$6:$G343,">="&Consulta!$L$4,$G$6:$G343,"<="&Consulta!$L$5),"")) | L343: =IF($D343="","",IF($D343=Consulta!$S$3,COUNTIF($D$6:$D343,Consulta!$S$3),"")) | M343: =IF($N343="","",IF(AND($N343='Comprovante DEV'!$D$6,$G343='Comprovante DEV'!$D$7),COUNTIFS($N$6:$N343,'Comprovante DEV'!$D$6,$G$6:$G343,'Comprovante DEV'!$D$7),"")) | N343: =IF($F343="","",IFERROR(VLOOKUP($F343,Apelidos_Tecnico!$A:$B,2,0),$F343))
J344: =IF($N344="","",IF(AND($N344=Consulta!$C$3,$G344<>"",$G344>=Consulta!$C$4,$G344<=Consulta!$C$5),COUNTIFS($N$6:$N344,Consulta!$C$3,$G$6:$G344,">="&Consulta!$C$4,$G$6:$G344,"<="&Consulta!$C$5),"")) | K344: =IF($C344="","",IF(AND($C344=Consulta!$L$3,$G344<>"",$G344>=Consulta!$L$4,$G344<=Consulta!$L$5),COUNTIFS($C$6:$C344,Consulta!$L$3,$G$6:$G344,">="&Consulta!$L$4,$G$6:$G344,"<="&Consulta!$L$5),"")) | L344: =IF($D344="","",IF($D344=Consulta!$S$3,COUNTIF($D$6:$D344,Consulta!$S$3),"")) | M344: =IF($N344="","",IF(AND($N344='Comprovante DEV'!$D$6,$G344='Comprovante DEV'!$D$7),COUNTIFS($N$6:$N344,'Comprovante DEV'!$D$6,$G$6:$G344,'Comprovante DEV'!$D$7),"")) | N344: =IF($F344="","",IFERROR(VLOOKUP($F344,Apelidos_Tecnico!$A:$B,2,0),$F344))
J345: =IF($N345="","",IF(AND($N345=Consulta!$C$3,$G345<>"",$G345>=Consulta!$C$4,$G345<=Consulta!$C$5),COUNTIFS($N$6:$N345,Consulta!$C$3,$G$6:$G345,">="&Consulta!$C$4,$G$6:$G345,"<="&Consulta!$C$5),"")) | K345: =IF($C345="","",IF(AND($C345=Consulta!$L$3,$G345<>"",$G345>=Consulta!$L$4,$G345<=Consulta!$L$5),COUNTIFS($C$6:$C345,Consulta!$L$3,$G$6:$G345,">="&Consulta!$L$4,$G$6:$G345,"<="&Consulta!$L$5),"")) | L345: =IF($D345="","",IF($D345=Consulta!$S$3,COUNTIF($D$6:$D345,Consulta!$S$3),"")) | M345: =IF($N345="","",IF(AND($N345='Comprovante DEV'!$D$6,$G345='Comprovante DEV'!$D$7),COUNTIFS($N$6:$N345,'Comprovante DEV'!$D$6,$G$6:$G345,'Comprovante DEV'!$D$7),"")) | N345: =IF($F345="","",IFERROR(VLOOKUP($F345,Apelidos_Tecnico!$A:$B,2,0),$F345))
J346: =IF($N346="","",IF(AND($N346=Consulta!$C$3,$G346<>"",$G346>=Consulta!$C$4,$G346<=Consulta!$C$5),COUNTIFS($N$6:$N346,Consulta!$C$3,$G$6:$G346,">="&Consulta!$C$4,$G$6:$G346,"<="&Consulta!$C$5),"")) | K346: =IF($C346="","",IF(AND($C346=Consulta!$L$3,$G346<>"",$G346>=Consulta!$L$4,$G346<=Consulta!$L$5),COUNTIFS($C$6:$C346,Consulta!$L$3,$G$6:$G346,">="&Consulta!$L$4,$G$6:$G346,"<="&Consulta!$L$5),"")) | L346: =IF($D346="","",IF($D346=Consulta!$S$3,COUNTIF($D$6:$D346,Consulta!$S$3),"")) | M346: =IF($N346="","",IF(AND($N346='Comprovante DEV'!$D$6,$G346='Comprovante DEV'!$D$7),COUNTIFS($N$6:$N346,'Comprovante DEV'!$D$6,$G$6:$G346,'Comprovante DEV'!$D$7),"")) | N346: =IF($F346="","",IFERROR(VLOOKUP($F346,Apelidos_Tecnico!$A:$B,2,0),$F346))
... J1045: =IF($N1045="","",IF(AND($N1045=Consulta!$C$3,$G1045<>"",$G1045>=Consulta!$C$4,$G1045<=Consulta!$C$5),COUNTIFS($N$6:$N1045,Consulta!$C$3,$G$6:$G1045,">="&Consulta!$C$4,$G$6:$G1045,"<="&Consulta!$C$5),"")) | K1045: =IF($C1045="","",IF(AND($C1045=Consulta!$L$3,$G1045<>"",$G1045>=Consulta!$L$4,$G1045<=Consulta!$L$5),COUNTIFS($C$6:$C1045,Consulta!$L$3,$G$6:$G1045,">="&Consulta!$L$4,$G$6:$G1045,"<="&Consulta!$L$5),"")) | L1045: =IF($D1045="","",IF($D1045=Consulta!$S$3,COUNTIF($D$6:$D1045,Consulta!$S$3),"")) | M1045: =IF($N1045="","",IF(AND($N1045='Comprovante DEV'!$D$6,$G1045='Comprovante DEV'!$D$7),COUNTIFS($N$6:$N1045,'Comprovante DEV'!$D$6,$G$6:$G1045,'Comprovante DEV'!$D$7),"")) | N1045: =IF($F1045="","",IFERROR(VLOOKUP($F1045,Apelidos_Tecnico!$A:$B,2,0),$F1045))

Sheet Apelidos_Tecnico
A1: Nome no histórico | B1: Nome canônico (cadastro)
A2: MAXIMA-THIAGO RAMOS SILVA | B2: Thiago Ramos Silva
A3: LUCAS PEREIRA GOMES REAL | B3: Lucas Pereira Gomes
